series,description,week_start,demand_units,trend_13_week_centered_ma,seasonal_component,residual
ALL_SKUS,All products,2009-11-30,146992,,6080.89,
ALL_SKUS,All products,2009-12-07,120283,,-5687.41,
ALL_SKUS,All products,2009-12-14,136548,,-65539.72,
ALL_SKUS,All products,2009-12-21,40518,,-96083.57,
ALL_SKUS,All products,2009-12-28,0,,,
ALL_SKUS,All products,2010-01-04,96701,,-12270.11,
ALL_SKUS,All products,2010-01-11,77639,94725.77,-5268.80,-11817.97
ALL_SKUS,All products,2010-01-18,136657,91302.23,56402.74,-11047.97
ALL_SKUS,All products,2010-01-25,84237,88056.31,-2914.88,-904.43
ALL_SKUS,All products,2010-02-01,65217,89580.54,-12146.95,-12216.59
ALL_SKUS,All products,2010-02-08,51491,96873.62,-34306.07,-11076.55
ALL_SKUS,All products,2010-02-15,180960,102693.15,38179.32,40087.53
ALL_SKUS,All products,2010-02-22,94192,101722.85,-2837.76,-4693.09
ALL_SKUS,All products,2010-03-01,102486,102965.00,-6609.53,6130.53
ALL_SKUS,All products,2010-03-08,78086,99327.54,-12505.38,-8736.16
ALL_SKUS,All products,2010-03-15,156363,101093.62,33424.32,21845.07
ALL_SKUS,All products,2010-03-22,135328,103601.54,16824.74,14901.72
ALL_SKUS,All products,2010-03-29,75654,109092.54,-3020.07,-30418.47
ALL_SKUS,All products,2010-04-05,84087,102172.08,-16418.99,-1666.09
ALL_SKUS,All products,2010-04-12,93787,103082.31,-2606.76,-6688.55
ALL_SKUS,All products,2010-04-19,89370,99885.38,-5134.80,-5380.59
ALL_SKUS,All products,2010-04-26,107196,103388.31,-14227.49,18035.18
ALL_SKUS,All products,2010-05-03,97820,97764.15,-3691.38,3747.22
ALL_SKUS,All products,2010-05-10,122874,92630.92,27272.01,2971.07
ALL_SKUS,All products,2010-05-17,90994,95106.15,10634.20,-14746.36
ALL_SKUS,All products,2010-05-24,106025,94462.62,6327.43,5234.95
ALL_SKUS,All products,2010-05-31,60926,95261.85,-30420.91,-3914.93
ALL_SKUS,All products,2010-06-07,123624,94761.23,22047.82,6814.95
ALL_SKUS,All products,2010-06-14,83249,92286.77,1732.39,-10770.16
ALL_SKUS,All products,2010-06-21,68596,94035.46,-21626.76,-3812.70
ALL_SKUS,All products,2010-06-28,107832,98688.00,-3212.57,12356.57
ALL_SKUS,All products,2010-07-05,75721,100148.77,-11066.34,-13361.43
ALL_SKUS,All products,2010-07-12,104177,98438.38,-1088.22,6826.84
ALL_SKUS,All products,2010-07-19,82862,100503.46,-806.53,-16834.93
ALL_SKUS,All products,2010-07-26,75028,96798.62,-5423.22,-16347.39
ALL_SKUS,All products,2010-08-02,120553,98583.15,14318.89,7650.95
ALL_SKUS,All products,2010-08-09,183357,104164.23,37531.62,41661.14
ALL_SKUS,All products,2010-08-16,109984,114271.08,-5713.80,1426.72
ALL_SKUS,All products,2010-08-23,83790,121096.62,-26043.80,-11262.82
ALL_SKUS,All products,2010-08-30,87772,126430.54,-36738.49,-1920.05
ALL_SKUS,All products,2010-09-06,75461,129906.77,-31431.38,-23014.39
ALL_SKUS,All products,2010-09-13,106448,132842.46,-12991.80,-13402.66
ALL_SKUS,All products,2010-09-20,141150,136314.46,23843.05,-19007.51
ALL_SKUS,All products,2010-09-27,239221,136022.38,45470.82,57727.80
ALL_SKUS,All products,2010-10-04,164453,140700.77,28278.62,-4526.39
ALL_SKUS,All products,2010-10-11,173518,145620.62,298.20,27599.18
ALL_SKUS,All products,2010-10-18,128053,150982.69,-10923.84,-12005.86
ALL_SKUS,All products,2010-10-25,113192,154594.46,-25632.38,-15770.09
ALL_SKUS,All products,2010-11-01,165689,154670.54,11365.97,-347.51
ALL_SKUS,All products,2010-11-08,179560,146919.08,32988.43,-347.51
ALL_SKUS,All products,2010-11-15,170803,128517.46,42633.05,-347.51
ALL_SKUS,All products,2010-11-22,147748,121785.08,26310.43,-347.51
ALL_SKUS,All products,2010-11-29,157479,115401.77,42424.74,-347.51
ALL_SKUS,All products,2010-12-06,122414,116680.62,6080.89,-347.51
ALL_SKUS,All products,2010-12-13,107437,113471.92,-5687.41,-347.51
ALL_SKUS,All products,2010-12-20,40381,106268.23,-65539.72,-347.51
ALL_SKUS,All products,2010-12-27,0,96431.08,-96083.57,-347.51
ALL_SKUS,All products,2011-01-03,76932,89549.62,-12270.11,-347.51
ALL_SKUS,All products,2011-01-10,90535,84680.85,-5268.80,11122.95
ALL_SKUS,All products,2011-01-17,144678,77922.31,56402.74,10352.95
ALL_SKUS,All products,2011-01-24,71479,74184.46,-2914.88,209.41
ALL_SKUS,All products,2011-01-31,72041,72666.38,-12146.95,11521.57
ALL_SKUS,All products,2011-02-07,51677,75601.54,-34306.07,10381.53
ALL_SKUS,All products,2011-02-14,81344,83947.23,38179.32,-40782.55
ALL_SKUS,All products,2011-02-21,84454,83293.69,-2837.76,3998.07
ALL_SKUS,All products,2011-02-28,69618,83053.08,-6609.53,-6825.55
ALL_SKUS,All products,2011-03-07,73822,78286.23,-12505.38,8041.14
ALL_SKUS,All products,2011-03-14,87702,76817.77,33424.32,-22540.09
ALL_SKUS,All products,2011-03-21,78538,77310.00,16824.74,-15596.74
ALL_SKUS,All products,2011-03-28,108494,81790.62,-3020.07,29723.45
ALL_SKUS,All products,2011-04-04,68436,83883.92,-16418.99,971.07
ALL_SKUS,All products,2011-04-11,87407,84020.23,-2606.76,5993.53
ALL_SKUS,All products,2011-04-18,82709,83158.23,-5134.80,4685.57
ALL_SKUS,All products,2011-04-25,52389,85346.69,-14227.49,-18730.20
ALL_SKUS,All products,2011-05-02,78440,86573.62,-3691.38,-4442.24
ALL_SKUS,All products,2011-05-09,109925,86319.08,27272.01,-3666.09
ALL_SKUS,All products,2011-05-16,108557,83871.46,10634.20,14051.34
ALL_SKUS,All products,2011-05-23,86226,85828.54,6327.43,-5929.97
ALL_SKUS,All products,2011-05-30,58412,85613.00,-30420.91,3219.91
ALL_SKUS,All products,2011-06-06,102272,87734.15,22047.82,-7509.97
ALL_SKUS,All products,2011-06-13,103652,91844.46,1732.39,10075.14
ALL_SKUS,All products,2011-06-20,75229,93738.08,-21626.76,3117.68
ALL_SKUS,All products,2011-06-27,76675,92939.15,-3212.57,-13051.59
ALL_SKUS,All products,2011-07-04,93878,92277.92,-11066.34,12666.41
ALL_SKUS,All products,2011-07-11,84605,93215.08,-1088.22,-7521.86
ALL_SKUS,All products,2011-07-18,110284,94950.62,-806.53,16139.91
ALL_SKUS,All products,2011-07-25,105823,95593.85,-5423.22,15652.38
ALL_SKUS,All products,2011-08-01,103057,97084.08,14318.89,-8345.97
ALL_SKUS,All products,2011-08-08,99539,104363.54,37531.62,-42356.16
ALL_SKUS,All products,2011-08-15,99961,107796.54,-5713.80,-2121.74
ALL_SKUS,All products,2011-08-22,98409,113885.00,-26043.80,10567.80
ALL_SKUS,All products,2011-08-29,80974,116487.46,-36738.49,1225.03
ALL_SKUS,All products,2011-09-05,110634,119746.00,-31431.38,22319.38
ALL_SKUS,All products,2011-09-12,123025,123309.15,-12991.80,12707.64
ALL_SKUS,All products,2011-09-19,169862,127706.46,23843.05,18312.49
ALL_SKUS,All products,2011-09-26,121304,134256.00,45470.82,-58422.82
ALL_SKUS,All products,2011-10-03,173028,140918.00,28278.62,3831.38
ALL_SKUS,All products,2011-10-10,118437,146433.00,298.20,-28294.20
ALL_SKUS,All products,2011-10-17,152645,152258.00,-10923.84,11310.84
ALL_SKUS,All products,2011-10-24,152144,162701.31,-25632.38,15075.07
ALL_SKUS,All products,2011-10-31,160222,,11365.97,
ALL_SKUS,All products,2011-11-07,184683,,32988.43,
ALL_SKUS,All products,2011-11-14,186567,,42633.05,
ALL_SKUS,All products,2011-11-21,170104,,26310.43,
ALL_SKUS,All products,2011-11-28,156699,,42424.74,
ALL_SKUS,All products,2011-12-05,246397,,6080.89,
84077,WORLD WAR 2 GLIDERS ASSTD DESIGNS,2009-11-30,731,,-791.85,
84077,WORLD WAR 2 GLIDERS ASSTD DESIGNS,2009-12-07,1204,,-116.46,
84077,WORLD WAR 2 GLIDERS ASSTD DESIGNS,2009-12-14,720,,-999.92,
84077,WORLD WAR 2 GLIDERS ASSTD DESIGNS,2009-12-21,48,,-907.00,
84077,WORLD WAR 2 GLIDERS ASSTD DESIGNS,2009-12-28,0,,,
84077,WORLD WAR 2 GLIDERS ASSTD DESIGNS,2010-01-04,336,,-251.08,
84077,WORLD WAR 2 GLIDERS ASSTD DESIGNS,2010-01-11,384,503.54,-360.81,241.27
84077,WORLD WAR 2 GLIDERS ASSTD DESIGNS,2010-01-18,291,524.85,-486.54,252.69
84077,WORLD WAR 2 GLIDERS ASSTD DESIGNS,2010-01-25,432,472.85,-151.46,110.62
84077,WORLD WAR 2 GLIDERS ASSTD DESIGNS,2010-02-01,576,616.85,1028.69,-1069.54
84077,WORLD WAR 2 GLIDERS ASSTD DESIGNS,2010-02-08,240,642.92,-550.39,147.46
84077,WORLD WAR 2 GLIDERS ASSTD DESIGNS,2010-02-15,1008,657.69,-109.46,459.77
84077,WORLD WAR 2 GLIDERS ASSTD DESIGNS,2010-02-22,576,739.00,-440.66,277.66
84077,WORLD WAR 2 GLIDERS ASSTD DESIGNS,2010-03-01,1008,786.92,379.84,-158.77
84077,WORLD WAR 2 GLIDERS ASSTD DESIGNS,2010-03-08,528,808.85,-185.23,-95.61
84077,WORLD WAR 2 GLIDERS ASSTD DESIGNS,2010-03-15,2592,823.62,400.08,1368.31
84077,WORLD WAR 2 GLIDERS ASSTD DESIGNS,2010-03-22,387,797.77,-759.66,348.89
84077,WORLD WAR 2 GLIDERS ASSTD DESIGNS,2010-03-29,192,919.62,547.77,-1275.38
84077,WORLD WAR 2 GLIDERS ASSTD DESIGNS,2010-04-05,1393,882.69,-267.73,778.04
84077,WORLD WAR 2 GLIDERS ASSTD DESIGNS,2010-04-12,1007,883.92,554.38,-431.31
84077,WORLD WAR 2 GLIDERS ASSTD DESIGNS,2010-04-19,576,832.38,113.19,-369.58
84077,WORLD WAR 2 GLIDERS ASSTD DESIGNS,2010-04-26,624,961.62,432.77,-770.38
84077,WORLD WAR 2 GLIDERS ASSTD DESIGNS,2010-05-03,240,840.54,-523.31,-77.23
84077,WORLD WAR 2 GLIDERS ASSTD DESIGNS,2010-05-10,1824,853.77,398.00,572.23
84077,WORLD WAR 2 GLIDERS ASSTD DESIGNS,2010-05-17,528,957.77,-309.50,-120.27
84077,WORLD WAR 2 GLIDERS ASSTD DESIGNS,2010-05-24,592,865.46,-474.92,201.46
84077,WORLD WAR 2 GLIDERS ASSTD DESIGNS,2010-05-31,338,851.31,-108.66,-404.65
84077,WORLD WAR 2 GLIDERS ASSTD DESIGNS,2010-06-07,2208,888.31,371.54,948.16
84077,WORLD WAR 2 GLIDERS ASSTD DESIGNS,2010-06-14,1018,904.77,-331.16,444.39
84077,WORLD WAR 2 GLIDERS ASSTD DESIGNS,2010-06-21,559,1116.00,-226.77,-330.23
84077,WORLD WAR 2 GLIDERS ASSTD DESIGNS,2010-06-28,1544,1038.54,-4.73,510.19
84077,WORLD WAR 2 GLIDERS ASSTD DESIGNS,2010-07-05,193,1060.69,-263.85,-603.84
84077,WORLD WAR 2 GLIDERS ASSTD DESIGNS,2010-07-12,823,1034.08,43.50,-254.58
84077,WORLD WAR 2 GLIDERS ASSTD DESIGNS,2010-07-19,1057,1155.77,-44.92,-53.84
84077,WORLD WAR 2 GLIDERS ASSTD DESIGNS,2010-07-26,838,1052.46,-52.42,-162.04
84077,WORLD WAR 2 GLIDERS ASSTD DESIGNS,2010-08-02,2986,997.77,642.15,1346.08
84077,WORLD WAR 2 GLIDERS ASSTD DESIGNS,2010-08-09,817,1025.31,-202.23,-6.08
84077,WORLD WAR 2 GLIDERS ASSTD DESIGNS,2010-08-16,816,965.77,-225.04,75.27
84077,WORLD WAR 2 GLIDERS ASSTD DESIGNS,2010-08-23,246,1224.15,-366.92,-611.23
84077,WORLD WAR 2 GLIDERS ASSTD DESIGNS,2010-08-30,1920,1216.23,105.42,598.35
84077,WORLD WAR 2 GLIDERS ASSTD DESIGNS,2010-09-06,865,1171.92,-338.50,31.58
84077,WORLD WAR 2 GLIDERS ASSTD DESIGNS,2010-09-13,307,1163.62,-354.62,-502.00
84077,WORLD WAR 2 GLIDERS ASSTD DESIGNS,2010-09-20,917,1341.69,-526.85,102.16
84077,WORLD WAR 2 GLIDERS ASSTD DESIGNS,2010-09-27,770,1475.46,-479.42,-226.04
84077,WORLD WAR 2 GLIDERS ASSTD DESIGNS,2010-10-04,3552,1476.23,829.00,1246.77
84077,WORLD WAR 2 GLIDERS ASSTD DESIGNS,2010-10-11,720,1505.69,-677.81,-107.88
84077,WORLD WAR 2 GLIDERS ASSTD DESIGNS,2010-10-18,481,1639.08,-756.85,-401.23
84077,WORLD WAR 2 GLIDERS ASSTD DESIGNS,2010-10-25,730,1612.00,1533.04,-2415.04
84077,WORLD WAR 2 GLIDERS ASSTD DESIGNS,2010-11-01,5301,1678.62,3578.77,43.62
84077,WORLD WAR 2 GLIDERS ASSTD DESIGNS,2010-11-08,2556,1615.77,896.61,43.62
84077,WORLD WAR 2 GLIDERS ASSTD DESIGNS,2010-11-15,826,1556.54,-774.16,43.62
84077,WORLD WAR 2 GLIDERS ASSTD DESIGNS,2010-11-22,629,1331.38,-746.00,43.62
84077,WORLD WAR 2 GLIDERS ASSTD DESIGNS,2010-11-29,3654,1298.23,2312.15,43.62
84077,WORLD WAR 2 GLIDERS ASSTD DESIGNS,2010-12-06,513,1261.23,-791.85,43.62
84077,WORLD WAR 2 GLIDERS ASSTD DESIGNS,2010-12-13,1173,1245.85,-116.46,43.62
84077,WORLD WAR 2 GLIDERS ASSTD DESIGNS,2010-12-20,100,1056.31,-999.92,43.62
84077,WORLD WAR 2 GLIDERS ASSTD DESIGNS,2010-12-27,0,863.38,-907.00,43.62
84077,WORLD WAR 2 GLIDERS ASSTD DESIGNS,2011-01-03,625,832.46,-251.08,43.62
84077,WORLD WAR 2 GLIDERS ASSTD DESIGNS,2011-01-10,289,803.85,-360.81,-154.04
84077,WORLD WAR 2 GLIDERS ASSTD DESIGNS,2011-01-17,0,652.00,-486.54,-165.46
84077,WORLD WAR 2 GLIDERS ASSTD DESIGNS,2011-01-24,530,704.85,-151.46,-23.38
84077,WORLD WAR 2 GLIDERS ASSTD DESIGNS,2011-01-31,2837,651.54,1028.69,1156.77
84077,WORLD WAR 2 GLIDERS ASSTD DESIGNS,2011-02-07,48,658.62,-550.39,-60.23
84077,WORLD WAR 2 GLIDERS ASSTD DESIGNS,2011-02-14,424,906.00,-109.46,-372.54
84077,WORLD WAR 2 GLIDERS ASSTD DESIGNS,2011-02-21,257,888.08,-440.66,-190.42
84077,WORLD WAR 2 GLIDERS ASSTD DESIGNS,2011-02-28,1680,1054.15,379.84,246.00
84077,WORLD WAR 2 GLIDERS ASSTD DESIGNS,2011-03-07,1200,1202.38,-185.23,182.85
84077,WORLD WAR 2 GLIDERS ASSTD DESIGNS,2011-03-14,480,1361.00,400.08,-1281.08
84077,WORLD WAR 2 GLIDERS ASSTD DESIGNS,2011-03-21,192,1213.31,-759.66,-261.65
84077,WORLD WAR 2 GLIDERS ASSTD DESIGNS,2011-03-28,3216,1305.62,547.77,1362.62
84077,WORLD WAR 2 GLIDERS ASSTD DESIGNS,2011-04-04,392,1350.54,-267.73,-690.81
84077,WORLD WAR 2 GLIDERS ASSTD DESIGNS,2011-04-11,2448,1375.08,554.38,518.54
84077,WORLD WAR 2 GLIDERS ASSTD DESIGNS,2011-04-18,1927,1357.00,113.19,456.81
84077,WORLD WAR 2 GLIDERS ASSTD DESIGNS,2011-04-25,2592,1301.62,432.77,857.62
84077,WORLD WAR 2 GLIDERS ASSTD DESIGNS,2011-05-02,917,1275.85,-523.31,164.46
84077,WORLD WAR 2 GLIDERS ASSTD DESIGNS,2011-05-09,1248,1335.00,398.00,-485.00
84077,WORLD WAR 2 GLIDERS ASSTD DESIGNS,2011-05-16,1008,1110.00,-309.50,207.50
84077,WORLD WAR 2 GLIDERS ASSTD DESIGNS,2011-05-23,576,1165.15,-474.92,-114.23
84077,WORLD WAR 2 GLIDERS ASSTD DESIGNS,2011-05-30,1445,1061.77,-108.66,491.89
84077,WORLD WAR 2 GLIDERS ASSTD DESIGNS,2011-06-06,480,969.38,371.54,-860.92
84077,WORLD WAR 2 GLIDERS ASSTD DESIGNS,2011-06-13,145,833.31,-331.16,-357.15
84077,WORLD WAR 2 GLIDERS ASSTD DESIGNS,2011-06-20,961,770.31,-226.77,417.46
84077,WORLD WAR 2 GLIDERS ASSTD DESIGNS,2011-06-27,291,718.69,-4.73,-422.96
84077,WORLD WAR 2 GLIDERS ASSTD DESIGNS,2011-07-04,1109,681.77,-263.85,691.08
84077,WORLD WAR 2 GLIDERS ASSTD DESIGNS,2011-07-11,1104,718.69,43.50,341.81
84077,WORLD WAR 2 GLIDERS ASSTD DESIGNS,2011-07-18,726,629.85,-44.92,141.08
84077,WORLD WAR 2 GLIDERS ASSTD DESIGNS,2011-07-25,823,626.15,-52.42,249.27
84077,WORLD WAR 2 GLIDERS ASSTD DESIGNS,2011-08-01,98,714.69,642.15,-1258.84
84077,WORLD WAR 2 GLIDERS ASSTD DESIGNS,2011-08-08,577,685.92,-202.23,93.31
84077,WORLD WAR 2 GLIDERS ASSTD DESIGNS,2011-08-15,528,741.08,-225.04,11.96
84077,WORLD WAR 2 GLIDERS ASSTD DESIGNS,2011-08-22,1056,724.46,-366.92,698.46
84077,WORLD WAR 2 GLIDERS ASSTD DESIGNS,2011-08-29,290,695.69,105.42,-511.11
84077,WORLD WAR 2 GLIDERS ASSTD DESIGNS,2011-09-05,432,714.85,-338.50,55.66
84077,WORLD WAR 2 GLIDERS ASSTD DESIGNS,2011-09-12,1296,1061.38,-354.62,589.23
84077,WORLD WAR 2 GLIDERS ASSTD DESIGNS,2011-09-19,587,1128.77,-526.85,-14.92
84077,WORLD WAR 2 GLIDERS ASSTD DESIGNS,2011-09-26,1008,1174.15,-479.42,313.27
84077,WORLD WAR 2 GLIDERS ASSTD DESIGNS,2011-10-03,893,1223.54,829.00,-1159.54
84077,WORLD WAR 2 GLIDERS ASSTD DESIGNS,2011-10-10,730,1212.69,-677.81,195.12
84077,WORLD WAR 2 GLIDERS ASSTD DESIGNS,2011-10-17,975,1243.38,-756.85,488.46
84077,WORLD WAR 2 GLIDERS ASSTD DESIGNS,2011-10-24,5328,1292.69,1533.04,2502.27
84077,WORLD WAR 2 GLIDERS ASSTD DESIGNS,2011-10-31,974,,3578.77,
84077,WORLD WAR 2 GLIDERS ASSTD DESIGNS,2011-11-07,1167,,896.61,
84077,WORLD WAR 2 GLIDERS ASSTD DESIGNS,2011-11-14,1170,,-774.16,
84077,WORLD WAR 2 GLIDERS ASSTD DESIGNS,2011-11-21,915,,-746.00,
84077,WORLD WAR 2 GLIDERS ASSTD DESIGNS,2011-11-28,689,,2312.15,
84077,WORLD WAR 2 GLIDERS ASSTD DESIGNS,2011-12-05,1073,,-791.85,
85123A,CREAM HANGING HEART T-LIGHT HOLDER,2009-11-30,1817,,-166.09,
85123A,CREAM HANGING HEART T-LIGHT HOLDER,2009-12-07,3171,,311.75,
85123A,CREAM HANGING HEART T-LIGHT HOLDER,2009-12-14,1291,,-958.71,
85123A,CREAM HANGING HEART T-LIGHT HOLDER,2009-12-21,127,,-1072.56,
85123A,CREAM HANGING HEART T-LIGHT HOLDER,2009-12-28,0,,,
85123A,CREAM HANGING HEART T-LIGHT HOLDER,2010-01-04,1773,,-59.33,
85123A,CREAM HANGING HEART T-LIGHT HOLDER,2010-01-11,919,1138.54,1113.29,-1332.83
85123A,CREAM HANGING HEART T-LIGHT HOLDER,2010-01-18,1410,1063.23,110.75,236.02
85123A,CREAM HANGING HEART T-LIGHT HOLDER,2010-01-25,1382,884.54,154.29,343.17
85123A,CREAM HANGING HEART T-LIGHT HOLDER,2010-02-01,727,899.85,-117.94,-54.91
85123A,CREAM HANGING HEART T-LIGHT HOLDER,2010-02-08,586,981.15,-270.98,-124.17
85123A,CREAM HANGING HEART T-LIGHT HOLDER,2010-02-15,669,1050.38,-362.48,-18.91
85123A,CREAM HANGING HEART T-LIGHT HOLDER,2010-02-22,929,983.62,-158.06,103.44
85123A,CREAM HANGING HEART T-LIGHT HOLDER,2010-03-01,838,978.15,-101.56,-38.60
85123A,CREAM HANGING HEART T-LIGHT HOLDER,2010-03-08,848,923.15,-99.86,24.71
85123A,CREAM HANGING HEART T-LIGHT HOLDER,2010-03-15,1490,903.00,243.21,343.79
85123A,CREAM HANGING HEART T-LIGHT HOLDER,2010-03-22,1184,928.08,6.29,249.63
85123A,CREAM HANGING HEART T-LIGHT HOLDER,2010-03-29,900,968.00,-61.59,-6.41
85123A,CREAM HANGING HEART T-LIGHT HOLDER,2010-04-05,905,1012.92,-202.06,94.13
85123A,CREAM HANGING HEART T-LIGHT HOLDER,2010-04-12,848,1014.85,-205.56,38.71
85123A,CREAM HANGING HEART T-LIGHT HOLDER,2010-04-19,695,992.31,693.64,-990.94
85123A,CREAM HANGING HEART T-LIGHT HOLDER,2010-04-26,1120,1049.38,-297.29,367.90
85123A,CREAM HANGING HEART T-LIGHT HOLDER,2010-05-03,1053,979.85,91.33,-18.17
85123A,CREAM HANGING HEART T-LIGHT HOLDER,2010-05-10,1105,949.08,11.67,144.25
85123A,CREAM HANGING HEART T-LIGHT HOLDER,2010-05-17,1253,972.85,37.21,242.94
85123A,CREAM HANGING HEART T-LIGHT HOLDER,2010-05-24,954,958.38,15.17,-19.56
85123A,CREAM HANGING HEART T-LIGHT HOLDER,2010-05-31,545,990.31,-431.63,-13.67
85123A,CREAM HANGING HEART T-LIGHT HOLDER,2010-06-07,1590,1026.69,2018.41,-1455.10
85123A,CREAM HANGING HEART T-LIGHT HOLDER,2010-06-14,586,986.23,-478.44,78.21
85123A,CREAM HANGING HEART T-LIGHT HOLDER,2010-06-21,784,947.08,-410.33,247.25
85123A,CREAM HANGING HEART T-LIGHT HOLDER,2010-06-28,1209,956.62,-175.13,427.52
85123A,CREAM HANGING HEART T-LIGHT HOLDER,2010-07-05,717,989.92,-416.17,143.25
85123A,CREAM HANGING HEART T-LIGHT HOLDER,2010-07-12,1263,1002.54,327.14,-66.67
85123A,CREAM HANGING HEART T-LIGHT HOLDER,2010-07-19,1168,1028.15,39.79,100.06
85123A,CREAM HANGING HEART T-LIGHT HOLDER,2010-07-26,594,976.00,-42.56,-339.44
85123A,CREAM HANGING HEART T-LIGHT HOLDER,2010-08-02,544,1011.54,-265.29,-202.25
85123A,CREAM HANGING HEART T-LIGHT HOLDER,2010-08-09,1229,1034.92,65.29,128.79
85123A,CREAM HANGING HEART T-LIGHT HOLDER,2010-08-16,1686,1012.08,209.64,464.29
85123A,CREAM HANGING HEART T-LIGHT HOLDER,2010-08-23,1118,1034.15,157.98,-74.14
85123A,CREAM HANGING HEART T-LIGHT HOLDER,2010-08-30,878,1013.92,-122.09,-13.83
85123A,CREAM HANGING HEART T-LIGHT HOLDER,2010-09-06,912,985.54,-45.48,-28.06
85123A,CREAM HANGING HEART T-LIGHT HOLDER,2010-09-13,1048,1052.54,108.83,-113.37
85123A,CREAM HANGING HEART T-LIGHT HOLDER,2010-09-20,1088,1115.46,72.25,-99.71
85123A,CREAM HANGING HEART T-LIGHT HOLDER,2010-09-27,912,1145.85,-188.44,-45.41
85123A,CREAM HANGING HEART T-LIGHT HOLDER,2010-10-04,1004,1084.46,-271.83,191.36
85123A,CREAM HANGING HEART T-LIGHT HOLDER,2010-10-11,1000,1164.00,-58.48,-105.52
85123A,CREAM HANGING HEART T-LIGHT HOLDER,2010-10-18,799,1223.31,-425.98,1.67
85123A,CREAM HANGING HEART T-LIGHT HOLDER,2010-10-25,1465,1239.46,-3.17,228.71
85123A,CREAM HANGING HEART T-LIGHT HOLDER,2010-11-01,1362,1276.46,101.29,-15.75
85123A,CREAM HANGING HEART T-LIGHT HOLDER,2010-11-08,1624,1208.08,431.67,-15.75
85123A,CREAM HANGING HEART T-LIGHT HOLDER,2010-11-15,888,1137.92,-234.17,-15.75
85123A,CREAM HANGING HEART T-LIGHT HOLDER,2010-11-22,2152,1135.54,1032.21,-15.75
85123A,CREAM HANGING HEART T-LIGHT HOLDER,2010-11-29,1649,1314.62,350.14,-15.75
85123A,CREAM HANGING HEART T-LIGHT HOLDER,2010-12-06,1122,1303.85,-166.09,-15.75
85123A,CREAM HANGING HEART T-LIGHT HOLDER,2010-12-13,1529,1233.00,311.75,-15.75
85123A,CREAM HANGING HEART T-LIGHT HOLDER,2010-12-20,199,1173.46,-958.71,-15.75
85123A,CREAM HANGING HEART T-LIGHT HOLDER,2010-12-27,0,1088.31,-1072.56,-15.75
85123A,CREAM HANGING HEART T-LIGHT HOLDER,2011-01-03,973,1048.08,-59.33,-15.75
85123A,CREAM HANGING HEART T-LIGHT HOLDER,2011-01-10,3328,913.38,1113.29,1301.33
85123A,CREAM HANGING HEART T-LIGHT HOLDER,2011-01-17,659,815.77,110.75,-267.52
85123A,CREAM HANGING HEART T-LIGHT HOLDER,2011-01-24,544,764.38,154.29,-374.67
85123A,CREAM HANGING HEART T-LIGHT HOLDER,2011-01-31,588,682.54,-117.94,23.40
85123A,CREAM HANGING HEART T-LIGHT HOLDER,2011-02-07,517,695.31,-270.98,92.67
85123A,CREAM HANGING HEART T-LIGHT HOLDER,2011-02-14,365,740.08,-362.48,-12.60
85123A,CREAM HANGING HEART T-LIGHT HOLDER,2011-02-21,401,694.00,-158.06,-134.94
85123A,CREAM HANGING HEART T-LIGHT HOLDER,2011-02-28,380,474.46,-101.56,7.09
85123A,CREAM HANGING HEART T-LIGHT HOLDER,2011-03-07,454,610.08,-99.86,-56.21
85123A,CREAM HANGING HEART T-LIGHT HOLDER,2011-03-14,465,597.08,243.21,-375.29
85123A,CREAM HANGING HEART T-LIGHT HOLDER,2011-03-21,365,639.85,6.29,-281.14
85123A,CREAM HANGING HEART T-LIGHT HOLDER,2011-03-28,582,668.69,-61.59,-25.10
85123A,CREAM HANGING HEART T-LIGHT HOLDER,2011-04-04,374,701.69,-202.06,-125.64
85123A,CREAM HANGING HEART T-LIGHT HOLDER,2011-04-11,474,749.77,-205.56,-70.21
85123A,CREAM HANGING HEART T-LIGHT HOLDER,2011-04-18,2422,768.92,693.64,959.44
85123A,CREAM HANGING HEART T-LIGHT HOLDER,2011-04-25,375,1071.69,-297.29,-399.41
85123A,CREAM HANGING HEART T-LIGHT HOLDER,2011-05-02,1144,1066.00,91.33,-13.33
85123A,CREAM HANGING HEART T-LIGHT HOLDER,2011-05-09,892,1056.08,11.67,-175.75
85123A,CREAM HANGING HEART T-LIGHT HOLDER,2011-05-16,794,1031.23,37.21,-274.44
85123A,CREAM HANGING HEART T-LIGHT HOLDER,2011-05-23,1026,1022.77,15.17,-11.94
85123A,CREAM HANGING HEART T-LIGHT HOLDER,2011-05-30,629,1078.46,-431.63,-17.83
85123A,CREAM HANGING HEART T-LIGHT HOLDER,2011-06-06,4390,948.00,2018.41,1423.59
85123A,CREAM HANGING HEART T-LIGHT HOLDER,2011-06-13,391,979.15,-478.44,-109.71
85123A,CREAM HANGING HEART T-LIGHT HOLDER,2011-06-20,236,925.08,-410.33,-278.75
85123A,CREAM HANGING HEART T-LIGHT HOLDER,2011-06-27,259,893.15,-175.13,-459.02
85123A,CREAM HANGING HEART T-LIGHT HOLDER,2011-07-04,264,854.92,-416.17,-174.75
85123A,CREAM HANGING HEART T-LIGHT HOLDER,2011-07-11,1198,835.69,327.14,35.17
85123A,CREAM HANGING HEART T-LIGHT HOLDER,2011-07-18,726,817.77,39.79,-131.56
85123A,CREAM HANGING HEART T-LIGHT HOLDER,2011-07-25,780,514.62,-42.56,307.94
85123A,CREAM HANGING HEART T-LIGHT HOLDER,2011-08-01,441,535.54,-265.29,170.75
85123A,CREAM HANGING HEART T-LIGHT HOLDER,2011-08-08,477,572.00,65.29,-160.29
85123A,CREAM HANGING HEART T-LIGHT HOLDER,2011-08-15,297,583.15,209.64,-495.79
85123A,CREAM HANGING HEART T-LIGHT HOLDER,2011-08-22,776,575.38,157.98,42.63
85123A,CREAM HANGING HEART T-LIGHT HOLDER,2011-08-29,396,535.77,-122.09,-17.67
85123A,CREAM HANGING HEART T-LIGHT HOLDER,2011-09-05,449,497.92,-45.48,-3.44
85123A,CREAM HANGING HEART T-LIGHT HOLDER,2011-09-12,663,472.31,108.83,81.86
85123A,CREAM HANGING HEART T-LIGHT HOLDER,2011-09-19,710,569.54,72.25,68.21
85123A,CREAM HANGING HEART T-LIGHT HOLDER,2011-09-26,404,578.54,-188.44,13.90
85123A,CREAM HANGING HEART T-LIGHT HOLDER,2011-10-03,163,657.69,-271.83,-222.87
85123A,CREAM HANGING HEART T-LIGHT HOLDER,2011-10-10,683,667.46,-58.48,74.02
85123A,CREAM HANGING HEART T-LIGHT HOLDER,2011-10-17,234,693.15,-425.98,-33.17
85123A,CREAM HANGING HEART T-LIGHT HOLDER,2011-10-24,447,710.38,-3.17,-260.21
85123A,CREAM HANGING HEART T-LIGHT HOLDER,2011-10-31,1705,,101.29,
85123A,CREAM HANGING HEART T-LIGHT HOLDER,2011-11-07,594,,431.67,
85123A,CREAM HANGING HEART T-LIGHT HOLDER,2011-11-14,1326,,-234.17,
85123A,CREAM HANGING HEART T-LIGHT HOLDER,2011-11-21,903,,1032.21,
85123A,CREAM HANGING HEART T-LIGHT HOLDER,2011-11-28,730,,350.14,
85123A,CREAM HANGING HEART T-LIGHT HOLDER,2011-12-05,673,,-166.09,
85099B,JUMBO BAG RED RETROSPOT,2009-11-30,1198,,-19.11,
85099B,JUMBO BAG RED RETROSPOT,2009-12-07,1233,,-443.11,
85099B,JUMBO BAG RED RETROSPOT,2009-12-14,1304,,-702.34,
85099B,JUMBO BAG RED RETROSPOT,2009-12-21,36,,-741.96,
85099B,JUMBO BAG RED RETROSPOT,2009-12-28,0,,,
85099B,JUMBO BAG RED RETROSPOT,2010-01-04,1152,,649.73,
85099B,JUMBO BAG RED RETROSPOT,2010-01-11,929,768.85,-155.69,315.84
85099B,JUMBO BAG RED RETROSPOT,2010-01-18,627,734.77,-61.96,-45.81
85099B,JUMBO BAG RED RETROSPOT,2010-01-25,864,701.46,31.58,130.96
85099B,JUMBO BAG RED RETROSPOT,2010-02-01,478,643.85,55.77,-221.62
85099B,JUMBO BAG RED RETROSPOT,2010-02-08,547,712.54,-328.65,163.11
85099B,JUMBO BAG RED RETROSPOT,2010-02-15,1014,757.77,188.31,67.92
85099B,JUMBO BAG RED RETROSPOT,2010-02-22,613,701.15,-56.04,-32.12
85099B,JUMBO BAG RED RETROSPOT,2010-03-01,755,707.08,-96.04,143.96
85099B,JUMBO BAG RED RETROSPOT,2010-03-08,800,708.46,-15.50,107.04
85099B,JUMBO BAG RED RETROSPOT,2010-03-15,555,760.38,245.54,-450.93
85099B,JUMBO BAG RED RETROSPOT,2010-03-22,929,816.46,342.50,-229.96
85099B,JUMBO BAG RED RETROSPOT,2010-03-29,588,850.85,-18.50,-244.35
85099B,JUMBO BAG RED RETROSPOT,2010-04-05,416,820.85,-153.23,-251.62
85099B,JUMBO BAG RED RETROSPOT,2010-04-12,1006,832.15,-48.11,221.96
85099B,JUMBO BAG RED RETROSPOT,2010-04-19,645,829.77,-247.42,62.65
85099B,JUMBO BAG RED RETROSPOT,2010-04-26,1539,843.38,105.19,590.42
85099B,JUMBO BAG RED RETROSPOT,2010-05-03,1207,854.23,-46.07,398.84
85099B,JUMBO BAG RED RETROSPOT,2010-05-10,994,841.31,287.58,-134.89
85099B,JUMBO BAG RED RETROSPOT,2010-05-17,624,904.92,-32.19,-248.73
85099B,JUMBO BAG RED RETROSPOT,2010-05-24,760,925.85,-12.11,-153.73
85099B,JUMBO BAG RED RETROSPOT,2010-05-31,724,915.00,-347.57,156.57
85099B,JUMBO BAG RED RETROSPOT,2010-06-07,977,962.77,52.96,-38.73
85099B,JUMBO BAG RED RETROSPOT,2010-06-14,696,891.92,-20.07,-175.85
85099B,JUMBO BAG RED RETROSPOT,2010-06-21,761,854.92,-53.84,-40.08
85099B,JUMBO BAG RED RETROSPOT,2010-06-28,1415,849.62,256.89,308.50
85099B,JUMBO BAG RED RETROSPOT,2010-07-05,688,816.15,169.58,-297.73
85099B,JUMBO BAG RED RETROSPOT,2010-07-12,865,757.77,-197.88,305.11
85099B,JUMBO BAG RED RETROSPOT,2010-07-19,1266,847.31,91.77,326.92
85099B,JUMBO BAG RED RETROSPOT,2010-07-26,618,873.15,-329.07,73.92
85099B,JUMBO BAG RED RETROSPOT,2010-08-02,726,905.62,-27.92,-151.69
85099B,JUMBO BAG RED RETROSPOT,2010-08-09,925,963.62,172.31,-210.93
85099B,JUMBO BAG RED RETROSPOT,2010-08-16,189,986.92,-220.19,-577.73
85099B,JUMBO BAG RED RETROSPOT,2010-08-23,1,1012.08,-347.50,-663.58
85099B,JUMBO BAG RED RETROSPOT,2010-08-30,1888,1089.00,187.19,611.81
85099B,JUMBO BAG RED RETROSPOT,2010-09-06,1313,1052.00,-174.31,435.31
85099B,JUMBO BAG RED RETROSPOT,2010-09-13,1118,1044.08,-177.65,251.57
85099B,JUMBO BAG RED RETROSPOT,2010-09-20,1515,1049.23,480.77,-15.00
85099B,JUMBO BAG RED RETROSPOT,2010-09-27,1718,1141.62,135.31,441.07
85099B,JUMBO BAG RED RETROSPOT,2010-10-04,1015,1220.54,624.89,-830.43
85099B,JUMBO BAG RED RETROSPOT,2010-10-11,1865,1314.54,147.46,403.00
85099B,JUMBO BAG RED RETROSPOT,2010-10-18,785,1303.69,-350.92,-167.77
85099B,JUMBO BAG RED RETROSPOT,2010-10-25,515,1268.23,-686.65,-66.58
85099B,JUMBO BAG RED RETROSPOT,2010-11-01,793,1215.08,-426.11,4.04
85099B,JUMBO BAG RED RETROSPOT,2010-11-08,2126,1112.46,1009.50,4.04
85099B,JUMBO BAG RED RETROSPOT,2010-11-15,1215,980.31,230.66,4.04
85099B,JUMBO BAG RED RETROSPOT,2010-11-22,1223,1007.92,211.04,4.04
85099B,JUMBO BAG RED RETROSPOT,2010-11-29,1747,881.77,861.19,4.04
85099B,JUMBO BAG RED RETROSPOT,2010-12-06,852,867.08,-19.11,4.04
85099B,JUMBO BAG RED RETROSPOT,2010-12-13,427,866.08,-443.11,4.04
85099B,JUMBO BAG RED RETROSPOT,2010-12-20,181,879.31,-702.34,4.04
85099B,JUMBO BAG RED RETROSPOT,2010-12-27,0,737.92,-741.96,4.04
85099B,JUMBO BAG RED RETROSPOT,2011-01-03,1374,720.23,649.73,4.04
85099B,JUMBO BAG RED RETROSPOT,2011-01-10,225,688.46,-155.69,-307.77
85099B,JUMBO BAG RED RETROSPOT,2011-01-17,594,602.08,-61.96,53.88
85099B,JUMBO BAG RED RETROSPOT,2011-01-24,502,593.31,31.58,-122.89
85099B,JUMBO BAG RED RETROSPOT,2011-01-31,965,679.54,55.77,229.69
85099B,JUMBO BAG RED RETROSPOT,2011-02-07,288,771.69,-328.65,-155.04
85099B,JUMBO BAG RED RETROSPOT,2011-02-14,985,856.54,188.31,-59.85
85099B,JUMBO BAG RED RETROSPOT,2011-02-21,810,825.85,-56.04,40.19
85099B,JUMBO BAG RED RETROSPOT,2011-02-28,624,855.92,-96.04,-135.89
85099B,JUMBO BAG RED RETROSPOT,2011-03-07,738,852.46,-15.50,-98.96
85099B,JUMBO BAG RED RETROSPOT,2011-03-14,1548,843.46,245.54,459.00
85099B,JUMBO BAG RED RETROSPOT,2011-03-21,1379,798.46,342.50,238.04
85099B,JUMBO BAG RED RETROSPOT,2011-03-28,1103,869.08,-18.50,252.42
85099B,JUMBO BAG RED RETROSPOT,2011-04-04,975,868.54,-153.23,259.69
85099B,JUMBO BAG RED RETROSPOT,2011-04-11,616,878.00,-48.11,-213.89
85099B,JUMBO BAG RED RETROSPOT,2011-04-18,549,851.00,-247.42,-54.58
85099B,JUMBO BAG RED RETROSPOT,2011-04-25,385,862.15,105.19,-582.35
85099B,JUMBO BAG RED RETROSPOT,2011-05-02,380,816.85,-46.07,-390.77
85099B,JUMBO BAG RED RETROSPOT,2011-05-09,1206,775.46,287.58,142.96
85099B,JUMBO BAG RED RETROSPOT,2011-05-16,978,753.38,-32.19,256.81
85099B,JUMBO BAG RED RETROSPOT,2011-05-23,933,783.31,-12.11,161.81
85099B,JUMBO BAG RED RETROSPOT,2011-05-30,273,769.08,-347.57,-148.50
85099B,JUMBO BAG RED RETROSPOT,2011-06-06,883,783.23,52.96,46.81
85099B,JUMBO BAG RED RETROSPOT,2011-06-13,959,795.15,-20.07,183.92
85099B,JUMBO BAG RED RETROSPOT,2011-06-20,841,846.69,-53.84,48.15
85099B,JUMBO BAG RED RETROSPOT,2011-06-27,816,859.54,256.89,-300.43
85099B,JUMBO BAG RED RETROSPOT,2011-07-04,1364,888.62,169.58,305.81
85099B,JUMBO BAG RED RETROSPOT,2011-07-11,431,925.92,-197.88,-297.04
85099B,JUMBO BAG RED RETROSPOT,2011-07-18,733,960.08,91.77,-318.85
85099B,JUMBO BAG RED RETROSPOT,2011-07-25,540,934.92,-329.07,-65.85
85099B,JUMBO BAG RED RETROSPOT,2011-08-01,1050,918.15,-27.92,159.77
85099B,JUMBO BAG RED RETROSPOT,2011-08-08,1373,981.69,172.31,219.00
85099B,JUMBO BAG RED RETROSPOT,2011-08-15,1356,990.38,-220.19,585.81
85099B,JUMBO BAG RED RETROSPOT,2011-08-22,1418,1093.85,-347.50,671.65
85099B,JUMBO BAG RED RETROSPOT,2011-08-29,717,1133.54,187.19,-603.73
85099B,JUMBO BAG RED RETROSPOT,2011-09-05,556,1157.54,-174.31,-427.23
85099B,JUMBO BAG RED RETROSPOT,2011-09-12,741,1162.15,-177.65,-243.50
85099B,JUMBO BAG RED RETROSPOT,2011-09-19,1667,1163.15,480.77,23.07
85099B,JUMBO BAG RED RETROSPOT,2011-09-26,929,1226.69,135.31,-433.00
85099B,JUMBO BAG RED RETROSPOT,2011-10-03,2709,1245.62,624.89,838.50
85099B,JUMBO BAG RED RETROSPOT,2011-10-10,947,1194.46,147.46,-394.93
85099B,JUMBO BAG RED RETROSPOT,2011-10-17,1045,1220.08,-350.92,175.84
85099B,JUMBO BAG RED RETROSPOT,2011-10-24,600,1212.00,-686.65,74.65
85099B,JUMBO BAG RED RETROSPOT,2011-10-31,1063,,-426.11,
85099B,JUMBO BAG RED RETROSPOT,2011-11-07,2199,,1009.50,
85099B,JUMBO BAG RED RETROSPOT,2011-11-14,1602,,230.66,
85099B,JUMBO BAG RED RETROSPOT,2011-11-21,753,,211.04,
85099B,JUMBO BAG RED RETROSPOT,2011-11-28,1050,,861.19,
85099B,JUMBO BAG RED RETROSPOT,2011-12-05,451,,-19.11,
21212,PACK OF 72 RETROSPOT CAKE CASES,2009-11-30,1528,,87.26,
21212,PACK OF 72 RETROSPOT CAKE CASES,2009-12-07,1121,,-348.28,
21212,PACK OF 72 RETROSPOT CAKE CASES,2009-12-14,1591,,392.03,
21212,PACK OF 72 RETROSPOT CAKE CASES,2009-12-21,764,,-929.20,
21212,PACK OF 72 RETROSPOT CAKE CASES,2009-12-28,0,,,
21212,PACK OF 72 RETROSPOT CAKE CASES,2010-01-04,771,,-515.97,
21212,PACK OF 72 RETROSPOT CAKE CASES,2010-01-11,505,1014.85,-341.78,-168.07
21212,PACK OF 72 RETROSPOT CAKE CASES,2010-01-18,1203,998.38,627.18,-422.57
21212,PACK OF 72 RETROSPOT CAKE CASES,2010-01-25,1445,965.15,176.99,302.86
21212,PACK OF 72 RETROSPOT CAKE CASES,2010-02-01,972,942.85,-71.43,100.59
21212,PACK OF 72 RETROSPOT CAKE CASES,2010-02-08,905,951.77,-182.74,135.97
21212,PACK OF 72 RETROSPOT CAKE CASES,2010-02-15,881,994.77,-156.93,43.16
21212,PACK OF 72 RETROSPOT CAKE CASES,2010-02-22,1507,1068.08,202.22,236.70
21212,PACK OF 72 RETROSPOT CAKE CASES,2010-03-01,1314,1129.23,61.41,123.36
21212,PACK OF 72 RETROSPOT CAKE CASES,2010-03-08,689,1097.54,-160.47,-248.07
21212,PACK OF 72 RETROSPOT CAKE CASES,2010-03-15,1301,1099.62,398.72,-197.34
21212,PACK OF 72 RETROSPOT CAKE CASES,2010-03-22,880,1098.54,-208.05,-10.49
21212,PACK OF 72 RETROSPOT CAKE CASES,2010-03-29,559,1099.00,-289.78,-250.22
21212,PACK OF 72 RETROSPOT CAKE CASES,2010-04-05,1724,1103.46,228.72,391.82
21212,PACK OF 72 RETROSPOT CAKE CASES,2010-04-12,1300,1102.54,-3.55,201.01
21212,PACK OF 72 RETROSPOT CAKE CASES,2010-04-19,791,1065.77,189.53,-464.30
21212,PACK OF 72 RETROSPOT CAKE CASES,2010-04-26,1472,1124.77,-45.01,392.24
21212,PACK OF 72 RETROSPOT CAKE CASES,2010-05-03,958,1079.85,-26.36,-95.49
21212,PACK OF 72 RETROSPOT CAKE CASES,2010-05-10,911,1049.31,408.72,-547.03
21212,PACK OF 72 RETROSPOT CAKE CASES,2010-05-17,939,1121.46,-112.39,-70.07
21212,PACK OF 72 RETROSPOT CAKE CASES,2010-05-24,1495,1076.31,52.18,366.51
21212,PACK OF 72 RETROSPOT CAKE CASES,2010-05-31,836,1041.46,-312.13,106.66
21212,PACK OF 72 RETROSPOT CAKE CASES,2010-06-07,1456,1094.54,208.11,153.36
21212,PACK OF 72 RETROSPOT CAKE CASES,2010-06-14,717,1042.46,-46.39,-279.07
21212,PACK OF 72 RETROSPOT CAKE CASES,2010-06-21,483,994.08,-463.55,-47.53
21212,PACK OF 72 RETROSPOT CAKE CASES,2010-06-28,1497,1070.08,26.91,400.01
21212,PACK OF 72 RETROSPOT CAKE CASES,2010-07-05,1137,1140.69,264.14,-267.84
21212,PACK OF 72 RETROSPOT CAKE CASES,2010-07-12,847,1056.23,-272.28,63.05
21212,PACK OF 72 RETROSPOT CAKE CASES,2010-07-19,1481,1076.31,66.87,337.82
21212,PACK OF 72 RETROSPOT CAKE CASES,2010-07-26,795,1017.15,123.87,-346.03
21212,PACK OF 72 RETROSPOT CAKE CASES,2010-08-02,329,1039.38,-443.05,-267.34
21212,PACK OF 72 RETROSPOT CAKE CASES,2010-08-09,1899,1082.23,232.95,583.82
21212,PACK OF 72 RETROSPOT CAKE CASES,2010-08-16,1857,1066.77,868.11,-77.87
21212,PACK OF 72 RETROSPOT CAKE CASES,2010-08-23,397,1189.38,-470.39,-321.99
21212,PACK OF 72 RETROSPOT CAKE CASES,2010-08-30,1097,1244.31,-181.82,34.51
21212,PACK OF 72 RETROSPOT CAKE CASES,2010-09-06,687,1234.85,-261.55,-286.30
21212,PACK OF 72 RETROSPOT CAKE CASES,2010-09-13,1006,1220.85,48.07,-262.91
21212,PACK OF 72 RETROSPOT CAKE CASES,2010-09-20,1040,1279.77,49.18,-288.95
21212,PACK OF 72 RETROSPOT CAKE CASES,2010-09-27,1296,1202.15,-119.55,213.39
21212,PACK OF 72 RETROSPOT CAKE CASES,2010-10-04,2731,1189.00,704.37,837.63
21212,PACK OF 72 RETROSPOT CAKE CASES,2010-10-11,1561,1259.00,101.76,200.24
21212,PACK OF 72 RETROSPOT CAKE CASES,2010-10-18,1358,1316.08,-29.66,71.59
21212,PACK OF 72 RETROSPOT CAKE CASES,2010-10-25,613,1348.15,-392.05,-343.11
21212,PACK OF 72 RETROSPOT CAKE CASES,2010-11-01,1095,1321.85,-223.89,-2.95
21212,PACK OF 72 RETROSPOT CAKE CASES,2010-11-08,890,1346.69,-453.74,-2.95
21212,PACK OF 72 RETROSPOT CAKE CASES,2010-11-15,1686,1247.00,441.95,-2.95
21212,PACK OF 72 RETROSPOT CAKE CASES,2010-11-22,1307,1061.85,248.11,-2.95
21212,PACK OF 72 RETROSPOT CAKE CASES,2010-11-29,1839,989.31,852.64,-2.95
21212,PACK OF 72 RETROSPOT CAKE CASES,2010-12-06,1104,1019.69,87.26,-2.95
21212,PACK OF 72 RETROSPOT CAKE CASES,2010-12-13,664,1015.23,-348.28,-2.95
21212,PACK OF 72 RETROSPOT CAKE CASES,2010-12-20,1363,973.92,392.03,-2.95
21212,PACK OF 72 RETROSPOT CAKE CASES,2010-12-27,0,932.15,-929.20,-2.95
21212,PACK OF 72 RETROSPOT CAKE CASES,2011-01-03,324,842.92,-515.97,-2.95
21212,PACK OF 72 RETROSPOT CAKE CASES,2011-01-10,618,797.62,-341.78,162.16
21212,PACK OF 72 RETROSPOT CAKE CASES,2011-01-17,1753,709.15,627.18,416.66
21212,PACK OF 72 RETROSPOT CAKE CASES,2011-01-24,555,686.77,176.99,-308.76
21212,PACK OF 72 RETROSPOT CAKE CASES,2011-01-31,558,735.92,-71.43,-106.49
21212,PACK OF 72 RETROSPOT CAKE CASES,2011-02-07,347,671.62,-182.74,-141.87
21212,PACK OF 72 RETROSPOT CAKE CASES,2011-02-14,526,732.00,-156.93,-49.07
21212,PACK OF 72 RETROSPOT CAKE CASES,2011-02-21,718,758.38,202.22,-242.61
21212,PACK OF 72 RETROSPOT CAKE CASES,2011-02-28,689,756.85,61.41,-129.26
21212,PACK OF 72 RETROSPOT CAKE CASES,2011-03-07,813,731.31,-160.47,242.16
21212,PACK OF 72 RETROSPOT CAKE CASES,2011-03-14,1303,712.85,398.72,191.43
21212,PACK OF 72 RETROSPOT CAKE CASES,2011-03-21,527,730.46,-208.05,4.59
21212,PACK OF 72 RETROSPOT CAKE CASES,2011-03-28,785,830.46,-289.78,244.32
21212,PACK OF 72 RETROSPOT CAKE CASES,2011-04-04,667,836.00,228.72,-397.72
21212,PACK OF 72 RETROSPOT CAKE CASES,2011-04-11,598,808.46,-3.55,-206.91
21212,PACK OF 72 RETROSPOT CAKE CASES,2011-04-18,1421,773.08,189.53,458.39
21212,PACK OF 72 RETROSPOT CAKE CASES,2011-04-25,315,758.15,-45.01,-398.14
21212,PACK OF 72 RETROSPOT CAKE CASES,2011-05-02,787,723.77,-26.36,89.59
21212,PACK OF 72 RETROSPOT CAKE CASES,2011-05-09,1647,697.15,408.72,541.13
21212,PACK OF 72 RETROSPOT CAKE CASES,2011-05-16,598,646.23,-112.39,64.16
21212,PACK OF 72 RETROSPOT CAKE CASES,2011-05-23,360,680.23,52.18,-372.41
21212,PACK OF 72 RETROSPOT CAKE CASES,2011-05-30,229,653.69,-312.13,-112.57
21212,PACK OF 72 RETROSPOT CAKE CASES,2011-06-06,619,570.15,208.11,-159.26
21212,PACK OF 72 RETROSPOT CAKE CASES,2011-06-13,856,629.23,-46.39,273.16
21212,PACK OF 72 RETROSPOT CAKE CASES,2011-06-20,181,602.92,-463.55,41.63
21212,PACK OF 72 RETROSPOT CAKE CASES,2011-06-27,123,502.00,26.91,-405.91
21212,PACK OF 72 RETROSPOT CAKE CASES,2011-07-04,1109,582.92,264.14,261.93
21212,PACK OF 72 RETROSPOT CAKE CASES,2011-07-11,253,594.23,-272.28,-68.95
21212,PACK OF 72 RETROSPOT CAKE CASES,2011-07-18,335,611.85,66.87,-343.72
21212,PACK OF 72 RETROSPOT CAKE CASES,2011-07-25,1083,619.00,123.87,340.13
21212,PACK OF 72 RETROSPOT CAKE CASES,2011-08-01,445,626.62,-443.05,261.43
21212,PACK OF 72 RETROSPOT CAKE CASES,2011-08-08,335,691.77,232.95,-589.72
21212,PACK OF 72 RETROSPOT CAKE CASES,2011-08-15,1650,709.92,868.11,71.97
21212,PACK OF 72 RETROSPOT CAKE CASES,2011-08-22,507,661.31,-470.39,316.09
21212,PACK OF 72 RETROSPOT CAKE CASES,2011-08-29,458,680.23,-181.82,-40.41
21212,PACK OF 72 RETROSPOT CAKE CASES,2011-09-05,712,693.15,-261.55,280.39
21212,PACK OF 72 RETROSPOT CAKE CASES,2011-09-12,955,649.92,48.07,257.01
21212,PACK OF 72 RETROSPOT CAKE CASES,2011-09-19,1028,695.77,49.18,283.05
21212,PACK OF 72 RETROSPOT CAKE CASES,2011-09-26,359,697.85,-119.55,-219.30
21212,PACK OF 72 RETROSPOT CAKE CASES,2011-10-03,477,616.15,704.37,-843.53
21212,PACK OF 72 RETROSPOT CAKE CASES,2011-10-10,499,603.38,101.76,-206.14
21212,PACK OF 72 RETROSPOT CAKE CASES,2011-10-17,503,610.15,-29.66,-77.49
21212,PACK OF 72 RETROSPOT CAKE CASES,2011-10-24,521,575.85,-392.05,337.20
21212,PACK OF 72 RETROSPOT CAKE CASES,2011-10-31,1041,,-223.89,
21212,PACK OF 72 RETROSPOT CAKE CASES,2011-11-07,362,,-453.74,
21212,PACK OF 72 RETROSPOT CAKE CASES,2011-11-14,588,,441.95,
21212,PACK OF 72 RETROSPOT CAKE CASES,2011-11-21,341,,248.11,
21212,PACK OF 72 RETROSPOT CAKE CASES,2011-11-28,546,,852.64,
21212,PACK OF 72 RETROSPOT CAKE CASES,2011-12-05,266,,87.26,
22197,POPCORN HOLDER,2009-11-30,677,,-205.49,
22197,POPCORN HOLDER,2009-12-07,153,,-65.87,
22197,POPCORN HOLDER,2009-12-14,644,,-731.03,
22197,POPCORN HOLDER,2009-12-21,455,,-684.87,
22197,POPCORN HOLDER,2009-12-28,0,,,
22197,POPCORN HOLDER,2010-01-04,21,,176.59,
22197,POPCORN HOLDER,2010-01-11,72,326.62,-232.79,-21.82
22197,POPCORN HOLDER,2010-01-18,23,284.77,-265.83,4.06
22197,POPCORN HOLDER,2010-01-25,621,276.62,91.21,253.18
22197,POPCORN HOLDER,2010-02-01,81,290.62,-292.53,82.91
22197,POPCORN HOLDER,2010-02-08,68,263.38,-218.83,23.45
22197,POPCORN HOLDER,2010-02-15,19,295.92,99.82,-376.74
22197,POPCORN HOLDER,2010-02-22,1412,349.38,915.94,146.68
22197,POPCORN HOLDER,2010-03-01,133,361.08,-217.33,-10.74
22197,POPCORN HOLDER,2010-03-08,47,388.38,-68.37,-273.01
22197,POPCORN HOLDER,2010-03-15,826,379.31,229.24,217.45
22197,POPCORN HOLDER,2010-03-22,101,388.69,-321.14,33.45
22197,POPCORN HOLDER,2010-03-29,423,397.92,232.51,-207.44
22197,POPCORN HOLDER,2010-04-05,716,411.08,123.44,181.49
22197,POPCORN HOLDER,2010-04-12,224,319.23,-91.64,-3.59
22197,POPCORN HOLDER,2010-04-19,378,320.08,-297.33,355.26
22197,POPCORN HOLDER,2010-04-26,503,363.92,-203.56,342.64
22197,POPCORN HOLDER,2010-05-03,203,348.46,-309.22,163.76
22197,POPCORN HOLDER,2010-05-10,188,355.15,-322.72,155.56
22197,POPCORN HOLDER,2010-05-17,190,350.23,165.78,-326.01
22197,POPCORN HOLDER,2010-05-24,218,316.54,1825.86,-1924.40
22197,POPCORN HOLDER,2010-05-31,144,358.23,-222.37,8.14
22197,POPCORN HOLDER,2010-06-07,617,382.31,-74.37,309.06
22197,POPCORN HOLDER,2010-06-14,625,364.00,-52.56,313.56
22197,POPCORN HOLDER,2010-06-21,188,355.92,-382.49,214.56
22197,POPCORN HOLDER,2010-06-28,359,383.92,-320.79,295.87
22197,POPCORN HOLDER,2010-07-05,278,448.15,-260.41,90.26
22197,POPCORN HOLDER,2010-07-12,766,499.23,-137.76,404.53
22197,POPCORN HOLDER,2010-07-19,691,498.54,40.82,151.64
22197,POPCORN HOLDER,2010-07-26,265,471.85,-255.41,48.56
22197,POPCORN HOLDER,2010-08-02,98,464.69,530.55,-897.24
22197,POPCORN HOLDER,2010-08-09,552,581.69,464.59,-494.28
22197,POPCORN HOLDER,2010-08-16,1025,576.85,47.13,401.03
22197,POPCORN HOLDER,2010-08-23,882,626.15,97.32,158.53
22197,POPCORN HOLDER,2010-08-30,135,593.77,-222.95,-235.82
22197,POPCORN HOLDER,2010-09-06,270,635.92,-417.41,51.49
22197,POPCORN HOLDER,2010-09-13,532,814.15,-438.33,156.18
22197,POPCORN HOLDER,2010-09-20,1709,877.69,213.74,617.56
22197,POPCORN HOLDER,2010-09-27,296,1151.77,-216.56,-639.21
22197,POPCORN HOLDER,2010-10-04,919,1207.23,-453.72,165.49
22197,POPCORN HOLDER,2010-10-11,345,1309.15,-849.06,-115.09
22197,POPCORN HOLDER,2010-10-18,1239,1351.31,-372.18,259.87
22197,POPCORN HOLDER,2010-10-25,2582,1408.38,922.74,250.87
22197,POPCORN HOLDER,2010-11-01,924,1442.85,-512.26,-6.59
22197,POPCORN HOLDER,2010-11-08,4115,1330.77,2790.82,-6.59
22197,POPCORN HOLDER,2010-11-15,1746,1308.00,444.59,-6.59
22197,POPCORN HOLDER,2010-11-22,2207,1299.38,914.21,-6.59
22197,POPCORN HOLDER,2010-11-29,683,1299.31,-609.72,-6.59
22197,POPCORN HOLDER,2010-12-06,1012,1224.08,-205.49,-6.59
22197,POPCORN HOLDER,2010-12-13,980,1052.46,-65.87,-6.59
22197,POPCORN HOLDER,2010-12-20,252,989.62,-731.03,-6.59
22197,POPCORN HOLDER,2010-12-27,0,691.46,-684.87,-6.59
22197,POPCORN HOLDER,2011-01-03,807,637.00,176.59,-6.59
22197,POPCORN HOLDER,2011-01-10,344,568.15,-232.79,8.64
22197,POPCORN HOLDER,2011-01-17,261,544.08,-265.83,-17.24
22197,POPCORN HOLDER,2011-01-24,351,526.15,91.21,-266.36
22197,POPCORN HOLDER,2011-01-31,107,495.62,-292.53,-96.09
22197,POPCORN HOLDER,2011-02-07,239,494.46,-218.83,-36.63
22197,POPCORN HOLDER,2011-02-14,1038,574.62,99.82,363.56
22197,POPCORN HOLDER,2011-02-21,1312,555.92,915.94,-159.86
22197,POPCORN HOLDER,2011-02-28,370,589.77,-217.33,-2.44
22197,POPCORN HOLDER,2011-03-07,779,587.54,-68.37,259.83
22197,POPCORN HOLDER,2011-03-14,583,584.38,229.24,-230.63
22197,POPCORN HOLDER,2011-03-21,237,604.77,-321.14,-46.63
22197,POPCORN HOLDER,2011-03-28,1042,615.23,232.51,194.26
22197,POPCORN HOLDER,2011-04-04,564,635.23,123.44,-194.67
22197,POPCORN HOLDER,2011-04-11,784,885.23,-91.64,-9.59
22197,POPCORN HOLDER,2011-04-18,232,897.77,-297.33,-368.44
22197,POPCORN HOLDER,2011-04-25,310,869.38,-203.56,-355.82
22197,POPCORN HOLDER,2011-05-02,372,858.15,-309.22,-176.94
22197,POPCORN HOLDER,2011-05-09,375,866.46,-322.72,-168.74
22197,POPCORN HOLDER,2011-05-16,1298,819.38,165.78,312.83
22197,POPCORN HOLDER,2011-05-23,4562,824.92,1825.86,1911.22
22197,POPCORN HOLDER,2011-05-30,533,776.69,-222.37,-21.32
22197,POPCORN HOLDER,2011-06-06,410,806.62,-74.37,-322.24
22197,POPCORN HOLDER,2011-06-13,437,816.31,-52.56,-326.74
22197,POPCORN HOLDER,2011-06-20,345,955.23,-382.49,-227.74
22197,POPCORN HOLDER,2011-06-27,430,1059.85,-320.79,-309.05
22197,POPCORN HOLDER,2011-07-04,636,999.85,-260.41,-103.44
22197,POPCORN HOLDER,2011-07-11,157,712.46,-137.76,-417.71
22197,POPCORN HOLDER,2011-07-18,621,745.00,40.82,-164.82
22197,POPCORN HOLDER,2011-07-25,436,753.15,-255.41,-61.74
22197,POPCORN HOLDER,2011-08-01,2178,763.38,530.55,884.06
22197,POPCORN HOLDER,2011-08-08,1735,789.31,464.59,481.10
22197,POPCORN HOLDER,2011-08-15,518,885.08,47.13,-414.21
22197,POPCORN HOLDER,2011-08-22,826,900.38,97.32,-171.71
22197,POPCORN HOLDER,2011-08-29,956,956.31,-222.95,222.64
22197,POPCORN HOLDER,2011-09-05,516,998.08,-417.41,-64.67
22197,POPCORN HOLDER,2011-09-12,570,1177.69,-438.33,-169.36
22197,POPCORN HOLDER,2011-09-19,682,1099.00,213.74,-630.74
22197,POPCORN HOLDER,2011-09-26,1675,1265.54,-216.56,626.03
22197,POPCORN HOLDER,2011-10-03,835,1467.38,-453.72,-178.67
22197,POPCORN HOLDER,2011-10-10,884,1631.15,-849.06,101.91
22197,POPCORN HOLDER,2011-10-17,1164,1809.23,-372.18,-273.05
22197,POPCORN HOLDER,2011-10-24,2771,2112.31,922.74,-264.05
22197,POPCORN HOLDER,2011-10-31,1155,,-512.26,
22197,POPCORN HOLDER,2011-11-07,3900,,2790.82,
22197,POPCORN HOLDER,2011-11-14,3142,,444.59,
22197,POPCORN HOLDER,2011-11-21,2955,,914.21,
22197,POPCORN HOLDER,2011-11-28,3271,,-609.72,
22197,POPCORN HOLDER,2011-12-05,4456,,-205.49,
23843,"PAPER CRAFT , LITTLE BIRDIE",2009-11-30,0,,59.91,
23843,"PAPER CRAFT , LITTLE BIRDIE",2009-12-07,0,,59.91,
23843,"PAPER CRAFT , LITTLE BIRDIE",2009-12-14,0,,59.91,
23843,"PAPER CRAFT , LITTLE BIRDIE",2009-12-21,0,,59.91,
23843,"PAPER CRAFT , LITTLE BIRDIE",2009-12-28,0,,,
23843,"PAPER CRAFT , LITTLE BIRDIE",2010-01-04,0,,59.91,
23843,"PAPER CRAFT , LITTLE BIRDIE",2010-01-11,0,0.00,59.91,-59.91
23843,"PAPER CRAFT , LITTLE BIRDIE",2010-01-18,0,0.00,59.91,-59.91
23843,"PAPER CRAFT , LITTLE BIRDIE",2010-01-25,0,0.00,59.91,-59.91
23843,"PAPER CRAFT , LITTLE BIRDIE",2010-02-01,0,0.00,59.91,-59.91
23843,"PAPER CRAFT , LITTLE BIRDIE",2010-02-08,0,0.00,59.91,-59.91
23843,"PAPER CRAFT , LITTLE BIRDIE",2010-02-15,0,0.00,59.91,-59.91
23843,"PAPER CRAFT , LITTLE BIRDIE",2010-02-22,0,0.00,59.91,-59.91
23843,"PAPER CRAFT , LITTLE BIRDIE",2010-03-01,0,0.00,59.91,-59.91
23843,"PAPER CRAFT , LITTLE BIRDIE",2010-03-08,0,0.00,59.91,-59.91
23843,"PAPER CRAFT , LITTLE BIRDIE",2010-03-15,0,0.00,59.91,-59.91
23843,"PAPER CRAFT , LITTLE BIRDIE",2010-03-22,0,0.00,59.91,-59.91
23843,"PAPER CRAFT , LITTLE BIRDIE",2010-03-29,0,0.00,59.91,-59.91
23843,"PAPER CRAFT , LITTLE BIRDIE",2010-04-05,0,0.00,59.91,-59.91
23843,"PAPER CRAFT , LITTLE BIRDIE",2010-04-12,0,0.00,59.91,-59.91
23843,"PAPER CRAFT , LITTLE BIRDIE",2010-04-19,0,0.00,59.91,-59.91
23843,"PAPER CRAFT , LITTLE BIRDIE",2010-04-26,0,0.00,59.91,-59.91
23843,"PAPER CRAFT , LITTLE BIRDIE",2010-05-03,0,0.00,59.91,-59.91
23843,"PAPER CRAFT , LITTLE BIRDIE",2010-05-10,0,0.00,59.91,-59.91
23843,"PAPER CRAFT , LITTLE BIRDIE",2010-05-17,0,0.00,59.91,-59.91
23843,"PAPER CRAFT , LITTLE BIRDIE",2010-05-24,0,0.00,59.91,-59.91
23843,"PAPER CRAFT , LITTLE BIRDIE",2010-05-31,0,0.00,59.91,-59.91
23843,"PAPER CRAFT , LITTLE BIRDIE",2010-06-07,0,0.00,59.91,-59.91
23843,"PAPER CRAFT , LITTLE BIRDIE",2010-06-14,0,0.00,59.91,-59.91
23843,"PAPER CRAFT , LITTLE BIRDIE",2010-06-21,0,0.00,59.91,-59.91
23843,"PAPER CRAFT , LITTLE BIRDIE",2010-06-28,0,0.00,59.91,-59.91
23843,"PAPER CRAFT , LITTLE BIRDIE",2010-07-05,0,0.00,59.91,-59.91
23843,"PAPER CRAFT , LITTLE BIRDIE",2010-07-12,0,0.00,59.91,-59.91
23843,"PAPER CRAFT , LITTLE BIRDIE",2010-07-19,0,0.00,59.91,-59.91
23843,"PAPER CRAFT , LITTLE BIRDIE",2010-07-26,0,0.00,59.91,-59.91
23843,"PAPER CRAFT , LITTLE BIRDIE",2010-08-02,0,0.00,59.91,-59.91
23843,"PAPER CRAFT , LITTLE BIRDIE",2010-08-09,0,0.00,59.91,-59.91
23843,"PAPER CRAFT , LITTLE BIRDIE",2010-08-16,0,0.00,59.91,-59.91
23843,"PAPER CRAFT , LITTLE BIRDIE",2010-08-23,0,0.00,59.91,-59.91
23843,"PAPER CRAFT , LITTLE BIRDIE",2010-08-30,0,0.00,59.91,-59.91
23843,"PAPER CRAFT , LITTLE BIRDIE",2010-09-06,0,0.00,59.91,-59.91
23843,"PAPER CRAFT , LITTLE BIRDIE",2010-09-13,0,0.00,59.91,-59.91
23843,"PAPER CRAFT , LITTLE BIRDIE",2010-09-20,0,0.00,59.91,-59.91
23843,"PAPER CRAFT , LITTLE BIRDIE",2010-09-27,0,0.00,59.91,-59.91
23843,"PAPER CRAFT , LITTLE BIRDIE",2010-10-04,0,0.00,59.91,-59.91
23843,"PAPER CRAFT , LITTLE BIRDIE",2010-10-11,0,0.00,59.91,-59.91
23843,"PAPER CRAFT , LITTLE BIRDIE",2010-10-18,0,0.00,59.91,-59.91
23843,"PAPER CRAFT , LITTLE BIRDIE",2010-10-25,0,0.00,-3055.28,3055.28
23843,"PAPER CRAFT , LITTLE BIRDIE",2010-11-01,0,0.00,59.91,-59.91
23843,"PAPER CRAFT , LITTLE BIRDIE",2010-11-08,0,0.00,59.91,-59.91
23843,"PAPER CRAFT , LITTLE BIRDIE",2010-11-15,0,0.00,59.91,-59.91
23843,"PAPER CRAFT , LITTLE BIRDIE",2010-11-22,0,0.00,59.91,-59.91
23843,"PAPER CRAFT , LITTLE BIRDIE",2010-11-29,0,0.00,59.91,-59.91
23843,"PAPER CRAFT , LITTLE BIRDIE",2010-12-06,0,0.00,59.91,-59.91
23843,"PAPER CRAFT , LITTLE BIRDIE",2010-12-13,0,0.00,59.91,-59.91
23843,"PAPER CRAFT , LITTLE BIRDIE",2010-12-20,0,0.00,59.91,-59.91
23843,"PAPER CRAFT , LITTLE BIRDIE",2010-12-27,0,0.00,59.91,-59.91
23843,"PAPER CRAFT , LITTLE BIRDIE",2011-01-03,0,0.00,59.91,-59.91
23843,"PAPER CRAFT , LITTLE BIRDIE",2011-01-10,0,0.00,59.91,-59.91
23843,"PAPER CRAFT , LITTLE BIRDIE",2011-01-17,0,0.00,59.91,-59.91
23843,"PAPER CRAFT , LITTLE BIRDIE",2011-01-24,0,0.00,59.91,-59.91
23843,"PAPER CRAFT , LITTLE BIRDIE",2011-01-31,0,0.00,59.91,-59.91
23843,"PAPER CRAFT , LITTLE BIRDIE",2011-02-07,0,0.00,59.91,-59.91
23843,"PAPER CRAFT , LITTLE BIRDIE",2011-02-14,0,0.00,59.91,-59.91
23843,"PAPER CRAFT , LITTLE BIRDIE",2011-02-21,0,0.00,59.91,-59.91
23843,"PAPER CRAFT , LITTLE BIRDIE",2011-02-28,0,0.00,59.91,-59.91
23843,"PAPER CRAFT , LITTLE BIRDIE",2011-03-07,0,0.00,59.91,-59.91
23843,"PAPER CRAFT , LITTLE BIRDIE",2011-03-14,0,0.00,59.91,-59.91
23843,"PAPER CRAFT , LITTLE BIRDIE",2011-03-21,0,0.00,59.91,-59.91
23843,"PAPER CRAFT , LITTLE BIRDIE",2011-03-28,0,0.00,59.91,-59.91
23843,"PAPER CRAFT , LITTLE BIRDIE",2011-04-04,0,0.00,59.91,-59.91
23843,"PAPER CRAFT , LITTLE BIRDIE",2011-04-11,0,0.00,59.91,-59.91
23843,"PAPER CRAFT , LITTLE BIRDIE",2011-04-18,0,0.00,59.91,-59.91
23843,"PAPER CRAFT , LITTLE BIRDIE",2011-04-25,0,0.00,59.91,-59.91
23843,"PAPER CRAFT , LITTLE BIRDIE",2011-05-02,0,0.00,59.91,-59.91
23843,"PAPER CRAFT , LITTLE BIRDIE",2011-05-09,0,0.00,59.91,-59.91
23843,"PAPER CRAFT , LITTLE BIRDIE",2011-05-16,0,0.00,59.91,-59.91
23843,"PAPER CRAFT , LITTLE BIRDIE",2011-05-23,0,0.00,59.91,-59.91
23843,"PAPER CRAFT , LITTLE BIRDIE",2011-05-30,0,0.00,59.91,-59.91
23843,"PAPER CRAFT , LITTLE BIRDIE",2011-06-06,0,0.00,59.91,-59.91
23843,"PAPER CRAFT , LITTLE BIRDIE",2011-06-13,0,0.00,59.91,-59.91
23843,"PAPER CRAFT , LITTLE BIRDIE",2011-06-20,0,0.00,59.91,-59.91
23843,"PAPER CRAFT , LITTLE BIRDIE",2011-06-27,0,0.00,59.91,-59.91
23843,"PAPER CRAFT , LITTLE BIRDIE",2011-07-04,0,0.00,59.91,-59.91
23843,"PAPER CRAFT , LITTLE BIRDIE",2011-07-11,0,0.00,59.91,-59.91
23843,"PAPER CRAFT , LITTLE BIRDIE",2011-07-18,0,0.00,59.91,-59.91
23843,"PAPER CRAFT , LITTLE BIRDIE",2011-07-25,0,0.00,59.91,-59.91
23843,"PAPER CRAFT , LITTLE BIRDIE",2011-08-01,0,0.00,59.91,-59.91
23843,"PAPER CRAFT , LITTLE BIRDIE",2011-08-08,0,0.00,59.91,-59.91
23843,"PAPER CRAFT , LITTLE BIRDIE",2011-08-15,0,0.00,59.91,-59.91
23843,"PAPER CRAFT , LITTLE BIRDIE",2011-08-22,0,0.00,59.91,-59.91
23843,"PAPER CRAFT , LITTLE BIRDIE",2011-08-29,0,0.00,59.91,-59.91
23843,"PAPER CRAFT , LITTLE BIRDIE",2011-09-05,0,0.00,59.91,-59.91
23843,"PAPER CRAFT , LITTLE BIRDIE",2011-09-12,0,0.00,59.91,-59.91
23843,"PAPER CRAFT , LITTLE BIRDIE",2011-09-19,0,0.00,59.91,-59.91
23843,"PAPER CRAFT , LITTLE BIRDIE",2011-09-26,0,0.00,59.91,-59.91
23843,"PAPER CRAFT , LITTLE BIRDIE",2011-10-03,0,0.00,59.91,-59.91
23843,"PAPER CRAFT , LITTLE BIRDIE",2011-10-10,0,0.00,59.91,-59.91
23843,"PAPER CRAFT , LITTLE BIRDIE",2011-10-17,0,0.00,59.91,-59.91
23843,"PAPER CRAFT , LITTLE BIRDIE",2011-10-24,0,6230.38,-3055.28,-3175.10
23843,"PAPER CRAFT , LITTLE BIRDIE",2011-10-31,0,,59.91,
23843,"PAPER CRAFT , LITTLE BIRDIE",2011-11-07,0,,59.91,
23843,"PAPER CRAFT , LITTLE BIRDIE",2011-11-14,0,,59.91,
23843,"PAPER CRAFT , LITTLE BIRDIE",2011-11-21,0,,59.91,
23843,"PAPER CRAFT , LITTLE BIRDIE",2011-11-28,0,,59.91,
23843,"PAPER CRAFT , LITTLE BIRDIE",2011-12-05,80995,,59.91,
84879,ASSORTED COLOUR BIRD ORNAMENT,2009-11-30,2023,,-275.26,
84879,ASSORTED COLOUR BIRD ORNAMENT,2009-12-07,1213,,-364.80,
84879,ASSORTED COLOUR BIRD ORNAMENT,2009-12-14,1324,,-958.57,
84879,ASSORTED COLOUR BIRD ORNAMENT,2009-12-21,82,,-581.34,
84879,ASSORTED COLOUR BIRD ORNAMENT,2009-12-28,0,,,
84879,ASSORTED COLOUR BIRD ORNAMENT,2010-01-04,168,,-42.26,
84879,ASSORTED COLOUR BIRD ORNAMENT,2010-01-11,233,600.77,-201.95,-165.81
84879,ASSORTED COLOUR BIRD ORNAMENT,2010-01-18,897,502.31,69.12,325.57
84879,ASSORTED COLOUR BIRD ORNAMENT,2010-01-25,211,479.54,-158.65,-109.89
84879,ASSORTED COLOUR BIRD ORNAMENT,2010-02-01,274,420.08,190.39,-336.47
84879,ASSORTED COLOUR BIRD ORNAMENT,2010-02-08,504,478.38,-125.76,151.38
84879,ASSORTED COLOUR BIRD ORNAMENT,2010-02-15,587,503.85,94.51,-11.35
84879,ASSORTED COLOUR BIRD ORNAMENT,2010-02-22,294,547.54,-214.65,-38.89
84879,ASSORTED COLOUR BIRD ORNAMENT,2010-03-01,743,579.85,-78.45,241.61
84879,ASSORTED COLOUR BIRD ORNAMENT,2010-03-08,917,549.62,219.97,147.42
84879,ASSORTED COLOUR BIRD ORNAMENT,2010-03-15,551,604.08,175.51,-228.58
84879,ASSORTED COLOUR BIRD ORNAMENT,2010-03-22,840,609.31,42.08,188.61
84879,ASSORTED COLOUR BIRD ORNAMENT,2010-03-29,331,640.92,-171.26,-138.66
84879,ASSORTED COLOUR BIRD ORNAMENT,2010-04-05,736,616.92,126.97,-7.89
84879,ASSORTED COLOUR BIRD ORNAMENT,2010-04-12,653,637.38,97.12,-81.51
84879,ASSORTED COLOUR BIRD ORNAMENT,2010-04-19,504,604.00,-68.76,-31.24
84879,ASSORTED COLOUR BIRD ORNAMENT,2010-04-26,919,553.15,3.62,362.22
84879,ASSORTED COLOUR BIRD ORNAMENT,2010-05-03,342,554.54,-100.49,-112.05
84879,ASSORTED COLOUR BIRD ORNAMENT,2010-05-10,915,509.31,516.78,-111.08
84879,ASSORTED COLOUR BIRD ORNAMENT,2010-05-17,275,537.08,-108.84,-153.24
84879,ASSORTED COLOUR BIRD ORNAMENT,2010-05-24,560,546.46,25.24,-11.70
84879,ASSORTED COLOUR BIRD ORNAMENT,2010-05-31,309,527.00,-163.99,-54.01
84879,ASSORTED COLOUR BIRD ORNAMENT,2010-06-07,256,568.46,-253.65,-58.81
84879,ASSORTED COLOUR BIRD ORNAMENT,2010-06-14,569,545.54,-16.61,40.07
84879,ASSORTED COLOUR BIRD ORNAMENT,2010-06-21,252,568.46,-397.88,81.42
84879,ASSORTED COLOUR BIRD ORNAMENT,2010-06-28,692,555.77,-165.22,301.45
84879,ASSORTED COLOUR BIRD ORNAMENT,2010-07-05,858,585.69,-11.38,283.69
84879,ASSORTED COLOUR BIRD ORNAMENT,2010-07-12,400,619.54,-312.26,92.72
84879,ASSORTED COLOUR BIRD ORNAMENT,2010-07-19,1043,669.85,64.05,309.11
84879,ASSORTED COLOUR BIRD ORNAMENT,2010-07-26,621,679.92,-184.03,125.11
84879,ASSORTED COLOUR BIRD ORNAMENT,2010-08-02,640,683.77,1470.78,-1514.55
84879,ASSORTED COLOUR BIRD ORNAMENT,2010-08-09,750,801.62,211.78,-263.39
84879,ASSORTED COLOUR BIRD ORNAMENT,2010-08-16,664,807.85,-241.03,97.19
84879,ASSORTED COLOUR BIRD ORNAMENT,2010-08-23,1000,799.77,77.05,123.19
84879,ASSORTED COLOUR BIRD ORNAMENT,2010-08-30,963,944.15,-332.49,351.34
84879,ASSORTED COLOUR BIRD ORNAMENT,2010-09-06,387,997.46,-522.76,-87.70
84879,ASSORTED COLOUR BIRD ORNAMENT,2010-09-13,619,1029.00,-224.38,-185.62
84879,ASSORTED COLOUR BIRD ORNAMENT,2010-09-20,1784,1056.08,350.01,377.92
84879,ASSORTED COLOUR BIRD ORNAMENT,2010-09-27,773,1427.92,-312.45,-342.47
84879,ASSORTED COLOUR BIRD ORNAMENT,2010-10-04,753,1489.15,-483.38,-252.78
84879,ASSORTED COLOUR BIRD ORNAMENT,2010-10-11,2277,1484.46,189.70,602.84
84879,ASSORTED COLOUR BIRD ORNAMENT,2010-10-18,1736,1501.46,82.85,151.69
84879,ASSORTED COLOUR BIRD ORNAMENT,2010-10-25,1031,1531.77,-313.38,-187.39
84879,ASSORTED COLOUR BIRD ORNAMENT,2010-11-01,992,1533.23,-544.11,2.88
84879,ASSORTED COLOUR BIRD ORNAMENT,2010-11-08,5584,1399.08,4182.05,2.88
84879,ASSORTED COLOUR BIRD ORNAMENT,2010-11-15,1460,1339.62,117.51,2.88
84879,ASSORTED COLOUR BIRD ORNAMENT,2010-11-22,939,1318.00,-381.88,2.88
84879,ASSORTED COLOUR BIRD ORNAMENT,2010-11-29,1184,1176.23,4.89,2.88
84879,ASSORTED COLOUR BIRD ORNAMENT,2010-12-06,781,1053.38,-275.26,2.88
84879,ASSORTED COLOUR BIRD ORNAMENT,2010-12-13,638,999.92,-364.80,2.88
84879,ASSORTED COLOUR BIRD ORNAMENT,2010-12-20,40,995.69,-958.57,2.88
84879,ASSORTED COLOUR BIRD ORNAMENT,2010-12-27,0,578.46,-581.34,2.88
84879,ASSORTED COLOUR BIRD ORNAMENT,2011-01-03,472,511.38,-42.26,2.88
84879,ASSORTED COLOUR BIRD ORNAMENT,2011-01-10,434,464.38,-201.95,171.57
84879,ASSORTED COLOUR BIRD ORNAMENT,2011-01-17,139,389.69,69.12,-319.81
84879,ASSORTED COLOUR BIRD ORNAMENT,2011-01-24,336,379.00,-158.65,115.65
84879,ASSORTED COLOUR BIRD ORNAMENT,2011-01-31,937,404.38,190.39,342.22
84879,ASSORTED COLOUR BIRD ORNAMENT,2011-02-07,160,431.38,-125.76,-145.62
84879,ASSORTED COLOUR BIRD ORNAMENT,2011-02-14,588,476.38,94.51,17.11
84879,ASSORTED COLOUR BIRD ORNAMENT,2011-02-21,328,498.00,-214.65,44.65
84879,ASSORTED COLOUR BIRD ORNAMENT,2011-02-28,213,527.31,-78.45,-235.85
84879,ASSORTED COLOUR BIRD ORNAMENT,2011-03-07,642,563.69,219.97,-141.66
84879,ASSORTED COLOUR BIRD ORNAMENT,2011-03-14,968,558.15,175.51,234.34
84879,ASSORTED COLOUR BIRD ORNAMENT,2011-03-21,391,531.77,42.08,-182.85
84879,ASSORTED COLOUR BIRD ORNAMENT,2011-03-28,585,611.85,-171.26,144.42
84879,ASSORTED COLOUR BIRD ORNAMENT,2011-04-04,753,612.38,126.97,13.65
84879,ASSORTED COLOUR BIRD ORNAMENT,2011-04-11,815,630.62,97.12,87.26
84879,ASSORTED COLOUR BIRD ORNAMENT,2011-04-18,612,643.77,-68.76,36.99
84879,ASSORTED COLOUR BIRD ORNAMENT,2011-04-25,264,616.85,3.62,-356.47
84879,ASSORTED COLOUR BIRD ORNAMENT,2011-05-02,594,576.69,-100.49,117.80
84879,ASSORTED COLOUR BIRD ORNAMENT,2011-05-09,1201,567.38,516.78,116.84
84879,ASSORTED COLOUR BIRD ORNAMENT,2011-05-16,595,544.85,-108.84,158.99
84879,ASSORTED COLOUR BIRD ORNAMENT,2011-05-23,565,522.31,25.24,17.45
84879,ASSORTED COLOUR BIRD ORNAMENT,2011-05-30,384,488.23,-163.99,59.76
84879,ASSORTED COLOUR BIRD ORNAMENT,2011-06-06,292,481.08,-253.65,64.57
84879,ASSORTED COLOUR BIRD ORNAMENT,2011-06-13,446,496.92,-16.61,-34.31
84879,ASSORTED COLOUR BIRD ORNAMENT,2011-06-20,270,743.54,-397.88,-75.66
84879,ASSORTED COLOUR BIRD ORNAMENT,2011-06-27,292,752.92,-165.22,-295.70
84879,ASSORTED COLOUR BIRD ORNAMENT,2011-07-04,460,749.31,-11.38,-277.93
84879,ASSORTED COLOUR BIRD ORNAMENT,2011-07-11,372,771.23,-312.26,-86.97
84879,ASSORTED COLOUR BIRD ORNAMENT,2011-07-18,519,758.31,64.05,-303.35
84879,ASSORTED COLOUR BIRD ORNAMENT,2011-07-25,470,773.38,-184.03,-119.35
84879,ASSORTED COLOUR BIRD ORNAMENT,2011-08-01,3800,808.92,1470.78,1520.30
84879,ASSORTED COLOUR BIRD ORNAMENT,2011-08-08,1323,842.08,211.78,269.15
84879,ASSORTED COLOUR BIRD ORNAMENT,2011-08-15,548,880.46,-241.03,-91.43
84879,ASSORTED COLOUR BIRD ORNAMENT,2011-08-22,850,890.38,77.05,-117.43
84879,ASSORTED COLOUR BIRD ORNAMENT,2011-08-29,216,894.08,-332.49,-345.58
84879,ASSORTED COLOUR BIRD ORNAMENT,2011-09-05,488,917.31,-522.76,93.45
84879,ASSORTED COLOUR BIRD ORNAMENT,2011-09-12,908,941.00,-224.38,191.38
84879,ASSORTED COLOUR BIRD ORNAMENT,2011-09-19,701,723.15,350.01,-372.16
84879,ASSORTED COLOUR BIRD ORNAMENT,2011-09-26,791,755.23,-312.45,348.22
84879,ASSORTED COLOUR BIRD ORNAMENT,2011-10-03,589,813.85,-483.38,258.53
84879,ASSORTED COLOUR BIRD ORNAMENT,2011-10-10,420,827.38,189.70,-597.08
84879,ASSORTED COLOUR BIRD ORNAMENT,2011-10-17,821,884.08,82.85,-145.93
84879,ASSORTED COLOUR BIRD ORNAMENT,2011-10-24,778,898.23,-313.38,193.15
84879,ASSORTED COLOUR BIRD ORNAMENT,2011-10-31,968,,-544.11,
84879,ASSORTED COLOUR BIRD ORNAMENT,2011-11-07,1740,,4182.05,
84879,ASSORTED COLOUR BIRD ORNAMENT,2011-11-14,1310,,117.51,
84879,ASSORTED COLOUR BIRD ORNAMENT,2011-11-21,1026,,-381.88,
84879,ASSORTED COLOUR BIRD ORNAMENT,2011-11-28,953,,4.89,
84879,ASSORTED COLOUR BIRD ORNAMENT,2011-12-05,672,,-275.26,
23166,MEDIUM CERAMIC TOP STORAGE JAR,2009-11-30,0,,-5433.58,
23166,MEDIUM CERAMIC TOP STORAGE JAR,2009-12-07,0,,-5433.58,
23166,MEDIUM CERAMIC TOP STORAGE JAR,2009-12-14,0,,-5433.58,
23166,MEDIUM CERAMIC TOP STORAGE JAR,2009-12-21,0,,-5433.58,
23166,MEDIUM CERAMIC TOP STORAGE JAR,2009-12-28,0,,,
23166,MEDIUM CERAMIC TOP STORAGE JAR,2010-01-04,0,,-5433.58,
23166,MEDIUM CERAMIC TOP STORAGE JAR,2010-01-11,0,0.00,-2579.16,2579.16
23166,MEDIUM CERAMIC TOP STORAGE JAR,2010-01-18,0,0.00,34528.34,-34528.34
23166,MEDIUM CERAMIC TOP STORAGE JAR,2010-01-25,0,0.00,-2579.16,2579.16
23166,MEDIUM CERAMIC TOP STORAGE JAR,2010-02-01,0,0.00,-2579.16,2579.16
23166,MEDIUM CERAMIC TOP STORAGE JAR,2010-02-08,0,0.00,-2579.16,2579.16
23166,MEDIUM CERAMIC TOP STORAGE JAR,2010-02-15,0,0.00,-2579.16,2579.16
23166,MEDIUM CERAMIC TOP STORAGE JAR,2010-02-22,0,0.00,-2579.16,2579.16
23166,MEDIUM CERAMIC TOP STORAGE JAR,2010-03-01,0,0.00,-2579.16,2579.16
23166,MEDIUM CERAMIC TOP STORAGE JAR,2010-03-08,0,0.00,275.26,-275.26
23166,MEDIUM CERAMIC TOP STORAGE JAR,2010-03-15,0,0.00,275.26,-275.26
23166,MEDIUM CERAMIC TOP STORAGE JAR,2010-03-22,0,0.00,275.26,-275.26
23166,MEDIUM CERAMIC TOP STORAGE JAR,2010-03-29,0,0.00,267.88,-267.88
23166,MEDIUM CERAMIC TOP STORAGE JAR,2010-04-05,0,0.00,252.76,-252.76
23166,MEDIUM CERAMIC TOP STORAGE JAR,2010-04-12,0,0.00,244.49,-244.49
23166,MEDIUM CERAMIC TOP STORAGE JAR,2010-04-19,0,0.00,241.92,-241.92
23166,MEDIUM CERAMIC TOP STORAGE JAR,2010-04-26,0,0.00,236.34,-236.34
23166,MEDIUM CERAMIC TOP STORAGE JAR,2010-05-03,0,0.00,231.53,-231.53
23166,MEDIUM CERAMIC TOP STORAGE JAR,2010-05-10,0,0.00,325.46,-325.46
23166,MEDIUM CERAMIC TOP STORAGE JAR,2010-05-17,0,0.00,425.69,-425.69
23166,MEDIUM CERAMIC TOP STORAGE JAR,2010-05-24,0,0.00,333.53,-333.53
23166,MEDIUM CERAMIC TOP STORAGE JAR,2010-05-31,0,0.00,255.92,-255.92
23166,MEDIUM CERAMIC TOP STORAGE JAR,2010-06-07,0,0.00,287.49,-287.49
23166,MEDIUM CERAMIC TOP STORAGE JAR,2010-06-14,0,0.00,263.57,-263.57
23166,MEDIUM CERAMIC TOP STORAGE JAR,2010-06-21,0,0.00,223.15,-223.15
23166,MEDIUM CERAMIC TOP STORAGE JAR,2010-06-28,0,0.00,204.76,-204.76
23166,MEDIUM CERAMIC TOP STORAGE JAR,2010-07-05,0,0.00,251.96,-251.96
23166,MEDIUM CERAMIC TOP STORAGE JAR,2010-07-12,0,0.00,263.07,-263.07
23166,MEDIUM CERAMIC TOP STORAGE JAR,2010-07-19,0,0.00,314.22,-314.22
23166,MEDIUM CERAMIC TOP STORAGE JAR,2010-07-26,0,0.00,399.34,-399.34
23166,MEDIUM CERAMIC TOP STORAGE JAR,2010-08-02,0,0.00,285.65,-285.65
23166,MEDIUM CERAMIC TOP STORAGE JAR,2010-08-09,0,0.00,249.69,-249.69
23166,MEDIUM CERAMIC TOP STORAGE JAR,2010-08-16,0,0.00,287.92,-287.92
23166,MEDIUM CERAMIC TOP STORAGE JAR,2010-08-23,0,0.00,259.96,-259.96
23166,MEDIUM CERAMIC TOP STORAGE JAR,2010-08-30,0,0.00,231.42,-231.42
23166,MEDIUM CERAMIC TOP STORAGE JAR,2010-09-06,0,0.00,289.15,-289.15
23166,MEDIUM CERAMIC TOP STORAGE JAR,2010-09-13,0,0.00,255.65,-255.65
23166,MEDIUM CERAMIC TOP STORAGE JAR,2010-09-20,0,0.00,285.80,-285.80
23166,MEDIUM CERAMIC TOP STORAGE JAR,2010-09-27,0,0.00,278.30,-278.30
23166,MEDIUM CERAMIC TOP STORAGE JAR,2010-10-04,0,0.00,263.84,-263.84
23166,MEDIUM CERAMIC TOP STORAGE JAR,2010-10-11,0,0.00,270.76,-270.76
23166,MEDIUM CERAMIC TOP STORAGE JAR,2010-10-18,0,0.00,254.61,-254.61
23166,MEDIUM CERAMIC TOP STORAGE JAR,2010-10-25,0,0.00,255.76,-255.76
23166,MEDIUM CERAMIC TOP STORAGE JAR,2010-11-01,0,0.00,275.26,-275.26
23166,MEDIUM CERAMIC TOP STORAGE JAR,2010-11-08,0,0.00,275.26,-275.26
23166,MEDIUM CERAMIC TOP STORAGE JAR,2010-11-15,0,0.00,275.26,-275.26
23166,MEDIUM CERAMIC TOP STORAGE JAR,2010-11-22,0,0.00,275.26,-275.26
23166,MEDIUM CERAMIC TOP STORAGE JAR,2010-11-29,0,0.00,275.26,-275.26
23166,MEDIUM CERAMIC TOP STORAGE JAR,2010-12-06,0,5708.85,-5433.58,-275.26
23166,MEDIUM CERAMIC TOP STORAGE JAR,2010-12-13,0,5708.85,-5433.58,-275.26
23166,MEDIUM CERAMIC TOP STORAGE JAR,2010-12-20,0,5708.85,-5433.58,-275.26
23166,MEDIUM CERAMIC TOP STORAGE JAR,2010-12-27,0,5708.85,-5433.58,-275.26
23166,MEDIUM CERAMIC TOP STORAGE JAR,2011-01-03,0,5708.85,-5433.58,-275.26
23166,MEDIUM CERAMIC TOP STORAGE JAR,2011-01-10,0,5708.85,-2579.16,-3129.69
23166,MEDIUM CERAMIC TOP STORAGE JAR,2011-01-17,74215,5708.85,34528.34,33977.81
23166,MEDIUM CERAMIC TOP STORAGE JAR,2011-01-24,0,5708.85,-2579.16,-3129.69
23166,MEDIUM CERAMIC TOP STORAGE JAR,2011-01-31,0,5708.85,-2579.16,-3129.69
23166,MEDIUM CERAMIC TOP STORAGE JAR,2011-02-07,0,5708.85,-2579.16,-3129.69
23166,MEDIUM CERAMIC TOP STORAGE JAR,2011-02-14,0,5708.85,-2579.16,-3129.69
23166,MEDIUM CERAMIC TOP STORAGE JAR,2011-02-21,0,5708.85,-2579.16,-3129.69
23166,MEDIUM CERAMIC TOP STORAGE JAR,2011-02-28,0,5708.85,-2579.16,-3129.69
23166,MEDIUM CERAMIC TOP STORAGE JAR,2011-03-07,0,0.00,275.26,-275.26
23166,MEDIUM CERAMIC TOP STORAGE JAR,2011-03-14,0,0.00,275.26,-275.26
23166,MEDIUM CERAMIC TOP STORAGE JAR,2011-03-21,0,0.00,275.26,-275.26
23166,MEDIUM CERAMIC TOP STORAGE JAR,2011-03-28,0,14.77,267.88,-282.65
23166,MEDIUM CERAMIC TOP STORAGE JAR,2011-04-04,0,45.00,252.76,-297.76
23166,MEDIUM CERAMIC TOP STORAGE JAR,2011-04-11,0,61.54,244.49,-306.03
23166,MEDIUM CERAMIC TOP STORAGE JAR,2011-04-18,0,66.69,241.92,-308.61
23166,MEDIUM CERAMIC TOP STORAGE JAR,2011-04-25,0,77.85,236.34,-314.19
23166,MEDIUM CERAMIC TOP STORAGE JAR,2011-05-02,0,87.46,231.53,-318.99
23166,MEDIUM CERAMIC TOP STORAGE JAR,2011-05-09,192,91.62,325.46,-225.07
23166,MEDIUM CERAMIC TOP STORAGE JAR,2011-05-16,393,92.15,425.69,-124.84
23166,MEDIUM CERAMIC TOP STORAGE JAR,2011-05-23,215,98.46,333.53,-216.99
23166,MEDIUM CERAMIC TOP STORAGE JAR,2011-05-30,67,105.69,255.92,-294.61
23166,MEDIUM CERAMIC TOP STORAGE JAR,2011-06-06,145,120.54,287.49,-263.03
23166,MEDIUM CERAMIC TOP STORAGE JAR,2011-06-13,125,148.38,263.57,-286.96
23166,MEDIUM CERAMIC TOP STORAGE JAR,2011-06-20,54,158.23,223.15,-327.38
23166,MEDIUM CERAMIC TOP STORAGE JAR,2011-06-27,7,148.00,204.76,-345.76
23166,MEDIUM CERAMIC TOP STORAGE JAR,2011-07-04,82,128.62,251.96,-298.57
23166,MEDIUM CERAMIC TOP STORAGE JAR,2011-07-11,94,118.38,263.07,-287.46
23166,MEDIUM CERAMIC TOP STORAGE JAR,2011-07-18,193,115.08,314.22,-236.30
23166,MEDIUM CERAMIC TOP STORAGE JAR,2011-07-25,362,113.85,399.34,-151.19
23166,MEDIUM CERAMIC TOP STORAGE JAR,2011-08-01,128,107.23,285.65,-264.88
23166,MEDIUM CERAMIC TOP STORAGE JAR,2011-08-08,59,110.15,249.69,-300.84
23166,MEDIUM CERAMIC TOP STORAGE JAR,2011-08-15,141,115.69,287.92,-262.61
23166,MEDIUM CERAMIC TOP STORAGE JAR,2011-08-22,82,112.62,259.96,-290.57
23166,MEDIUM CERAMIC TOP STORAGE JAR,2011-08-29,24,111.69,231.42,-319.11
23166,MEDIUM CERAMIC TOP STORAGE JAR,2011-09-05,129,101.23,289.15,-261.38
23166,MEDIUM CERAMIC TOP STORAGE JAR,2011-09-12,39,78.23,255.65,-294.88
23166,MEDIUM CERAMIC TOP STORAGE JAR,2011-09-19,92,70.92,285.80,-264.72
23166,MEDIUM CERAMIC TOP STORAGE JAR,2011-09-26,79,72.92,278.30,-272.22
23166,MEDIUM CERAMIC TOP STORAGE JAR,2011-10-03,42,64.85,263.84,-286.69
23166,MEDIUM CERAMIC TOP STORAGE JAR,2011-10-10,82,91.00,270.76,-279.76
23166,MEDIUM CERAMIC TOP STORAGE JAR,2011-10-17,57,98.31,254.61,-295.92
23166,MEDIUM CERAMIC TOP STORAGE JAR,2011-10-24,63,102.00,255.76,-294.76
23166,MEDIUM CERAMIC TOP STORAGE JAR,2011-10-31,33,,275.26,
23166,MEDIUM CERAMIC TOP STORAGE JAR,2011-11-07,85,,275.26,
23166,MEDIUM CERAMIC TOP STORAGE JAR,2011-11-14,36,,275.26,
23166,MEDIUM CERAMIC TOP STORAGE JAR,2011-11-21,422,,275.26,
23166,MEDIUM CERAMIC TOP STORAGE JAR,2011-11-28,119,,275.26,
23166,MEDIUM CERAMIC TOP STORAGE JAR,2011-12-05,177,,-5433.58,
17003,BROCADE RING PURSE,2009-11-30,183,,-813.58,
17003,BROCADE RING PURSE,2009-12-07,192,,-1094.58,
17003,BROCADE RING PURSE,2009-12-14,425,,-671.51,
17003,BROCADE RING PURSE,2009-12-21,1,,-629.35,
17003,BROCADE RING PURSE,2009-12-28,0,,,
17003,BROCADE RING PURSE,2010-01-04,2,,329.42,
17003,BROCADE RING PURSE,2010-01-11,758,281.31,24.84,451.85
17003,BROCADE RING PURSE,2010-01-18,51,281.38,107.96,-338.34
17003,BROCADE RING PURSE,2010-01-25,150,268.23,468.96,-587.19
17003,BROCADE RING PURSE,2010-02-01,806,296.46,54.84,454.70
17003,BROCADE RING PURSE,2010-02-08,151,296.38,-347.47,202.08
17003,BROCADE RING PURSE,2010-02-15,829,296.38,106.96,425.66
17003,BROCADE RING PURSE,2010-02-22,109,300.92,-372.70,180.78
17003,BROCADE RING PURSE,2010-03-01,184,242.62,-236.54,177.93
17003,BROCADE RING PURSE,2010-03-08,21,247.85,-235.12,8.28
17003,BROCADE RING PURSE,2010-03-15,792,291.77,1145.53,-645.30
17003,BROCADE RING PURSE,2010-03-22,0,293.46,-322.70,29.24
17003,BROCADE RING PURSE,2010-03-29,0,462.00,-66.08,-395.92
17003,BROCADE RING PURSE,2010-04-05,61,403.00,-336.89,-5.11
17003,BROCADE RING PURSE,2010-04-12,0,451.38,-458.58,7.20
17003,BROCADE RING PURSE,2010-04-19,119,440.54,-432.97,111.43
17003,BROCADE RING PURSE,2010-04-26,721,538.08,-78.16,261.08
17003,BROCADE RING PURSE,2010-05-03,828,500.92,-48.31,375.39
17003,BROCADE RING PURSE,2010-05-10,2342,577.62,854.96,909.43
17003,BROCADE RING PURSE,2010-05-17,62,635.92,-147.01,-426.92
17003,BROCADE RING PURSE,2010-05-24,738,646.15,179.76,-87.92
17003,BROCADE RING PURSE,2010-05-31,43,646.62,-420.58,-183.03
17003,BROCADE RING PURSE,2010-06-07,1289,697.08,442.99,148.93
17003,BROCADE RING PURSE,2010-06-14,309,655.46,-59.66,-286.80
17003,BROCADE RING PURSE,2010-06-21,997,608.38,320.15,68.47
17003,BROCADE RING PURSE,2010-06-28,758,431.00,-84.58,411.58
17003,BROCADE RING PURSE,2010-07-05,194,489.92,-253.58,-42.34
17003,BROCADE RING PURSE,2010-07-12,6,499.62,-11.08,-482.53
17003,BROCADE RING PURSE,2010-07-19,775,1358.62,-414.93,-168.69
17003,BROCADE RING PURSE,2010-07-26,180,1381.77,-765.81,-435.96
17003,BROCADE RING PURSE,2010-08-02,216,1363.69,-730.28,-417.42
17003,BROCADE RING PURSE,2010-08-09,36,1357.92,-800.12,-521.80
17003,BROCADE RING PURSE,2010-08-16,828,1311.08,-446.12,-36.96
17003,BROCADE RING PURSE,2010-08-23,864,1729.38,-208.51,-656.88
17003,BROCADE RING PURSE,2010-08-30,11210,1800.08,4640.80,4769.12
17003,BROCADE RING PURSE,2010-09-06,1590,1752.62,-197.70,35.08
17003,BROCADE RING PURSE,2010-09-13,74,1741.54,-1044.70,-622.84
17003,BROCADE RING PURSE,2010-09-20,922,2249.23,-500.16,-827.07
17003,BROCADE RING PURSE,2010-09-27,149,2288.62,-868.01,-1271.61
17003,BROCADE RING PURSE,2010-10-04,5632,2342.00,1560.19,1729.81
17003,BROCADE RING PURSE,2010-10-11,925,2410.69,-961.74,-523.96
17003,BROCADE RING PURSE,2010-10-18,158,1609.77,-872.58,-579.19
17003,BROCADE RING PURSE,2010-10-25,36,1507.69,-146.28,-1325.42
17003,BROCADE RING PURSE,2010-11-01,6816,1508.92,5271.49,35.58
17003,BROCADE RING PURSE,2010-11-08,548,1438.00,-925.58,35.58
17003,BROCADE RING PURSE,2010-11-15,1522,1426.54,59.88,35.58
17003,BROCADE RING PURSE,2010-11-22,1757,1059.77,661.65,35.58
17003,BROCADE RING PURSE,2010-11-29,798,989.23,-226.81,35.58
17003,BROCADE RING PURSE,2010-12-06,263,1041.00,-813.58,35.58
17003,BROCADE RING PURSE,2010-12-13,90,1149.00,-1094.58,35.58
17003,BROCADE RING PURSE,2010-12-20,0,635.92,-671.51,35.58
17003,BROCADE RING PURSE,2010-12-27,0,593.77,-629.35,35.58
17003,BROCADE RING PURSE,2011-01-03,864,499.00,329.42,35.58
17003,BROCADE RING PURSE,2011-01-10,8,363.85,24.84,-380.69
17003,BROCADE RING PURSE,2011-01-17,831,313.54,107.96,409.51
17003,BROCADE RING PURSE,2011-01-24,1440,312.69,468.96,658.35
17003,BROCADE RING PURSE,2011-01-31,146,474.69,54.84,-383.53
17003,BROCADE RING PURSE,2011-02-07,0,478.38,-347.47,-130.92
17003,BROCADE RING PURSE,2011-02-14,290,537.54,106.96,-354.49
17003,BROCADE RING PURSE,2011-02-21,0,482.31,-372.70,-109.61
17003,BROCADE RING PURSE,2011-02-28,144,487.31,-236.54,-106.76
17003,BROCADE RING PURSE,2011-03-07,252,424.23,-235.12,62.89
17003,BROCADE RING PURSE,2011-03-14,2196,334.00,1145.53,716.47
17003,BROCADE RING PURSE,2011-03-21,48,328.77,-322.70,41.93
17003,BROCADE RING PURSE,2011-03-28,769,368.00,-66.08,467.08
17003,BROCADE RING PURSE,2011-04-04,146,406.62,-336.89,76.28
17003,BROCADE RING PURSE,2011-04-11,73,467.62,-458.58,63.97
17003,BROCADE RING PURSE,2011-04-18,11,484.23,-432.97,-40.26
17003,BROCADE RING PURSE,2011-04-25,267,535.08,-78.16,-189.92
17003,BROCADE RING PURSE,2011-05-02,78,430.54,-48.31,-304.22
17003,BROCADE RING PURSE,2011-05-09,510,493.31,854.96,-838.26
17003,BROCADE RING PURSE,2011-05-16,792,440.92,-147.01,498.08
17003,BROCADE RING PURSE,2011-05-23,793,454.15,179.76,159.08
17003,BROCADE RING PURSE,2011-05-30,360,526.38,-420.58,254.20
17003,BROCADE RING PURSE,2011-06-06,913,547.77,442.99,-77.76
17003,BROCADE RING PURSE,2011-06-13,837,538.69,-59.66,357.97
17003,BROCADE RING PURSE,2011-06-20,864,541.15,320.15,2.70
17003,BROCADE RING PURSE,2011-06-27,88,513.00,-84.58,-340.42
17003,BROCADE RING PURSE,2011-07-04,318,458.08,-253.58,113.51
17003,BROCADE RING PURSE,2011-07-11,1012,469.38,-11.08,553.70
17003,BROCADE RING PURSE,2011-07-18,289,464.08,-414.93,239.85
17003,BROCADE RING PURSE,2011-07-25,149,407.69,-765.81,507.12
17003,BROCADE RING PURSE,2011-08-01,110,351.69,-730.28,488.58
17003,BROCADE RING PURSE,2011-08-08,144,351.15,-800.12,592.97
17003,BROCADE RING PURSE,2011-08-15,78,416.00,-446.12,108.12
17003,BROCADE RING PURSE,2011-08-22,940,420.46,-208.51,728.04
17003,BROCADE RING PURSE,2011-08-29,291,348.15,4640.80,-4697.96
17003,BROCADE RING PURSE,2011-09-05,180,341.62,-197.70,36.08
17003,BROCADE RING PURSE,2011-09-12,109,459.69,-1044.70,694.01
17003,BROCADE RING PURSE,2011-09-19,857,458.92,-500.16,898.24
17003,BROCADE RING PURSE,2011-09-26,931,456.23,-868.01,1342.78
17003,BROCADE RING PURSE,2011-10-03,376,474.46,1560.19,-1658.65
17003,BROCADE RING PURSE,2011-10-10,72,438.62,-961.74,595.12
17003,BROCADE RING PURSE,2011-10-17,204,426.23,-872.58,650.35
17003,BROCADE RING PURSE,2011-10-24,1684,433.69,-146.28,1396.58
17003,BROCADE RING PURSE,2011-10-31,100,,5271.49,
17003,BROCADE RING PURSE,2011-11-07,109,,-925.58,
17003,BROCADE RING PURSE,2011-11-14,315,,59.88,
17003,BROCADE RING PURSE,2011-11-21,474,,661.65,
17003,BROCADE RING PURSE,2011-11-28,130,,-226.81,
17003,BROCADE RING PURSE,2011-12-05,277,,-813.58,
21977,PACK OF 60 PINK PAISLEY CAKE CASES,2009-11-30,534,,-211.92,
21977,PACK OF 60 PINK PAISLEY CAKE CASES,2009-12-07,390,,130.31,
21977,PACK OF 60 PINK PAISLEY CAKE CASES,2009-12-14,265,,99.85,
21977,PACK OF 60 PINK PAISLEY CAKE CASES,2009-12-21,6,,-396.61,
21977,PACK OF 60 PINK PAISLEY CAKE CASES,2009-12-28,0,,,
21977,PACK OF 60 PINK PAISLEY CAKE CASES,2010-01-04,690,,-193.54,
21977,PACK OF 60 PINK PAISLEY CAKE CASES,2010-01-11,192,450.08,-237.77,-20.31
21977,PACK OF 60 PINK PAISLEY CAKE CASES,2010-01-18,680,466.54,36.58,176.88
21977,PACK OF 60 PINK PAISLEY CAKE CASES,2010-01-25,656,454.77,8.08,193.15
21977,PACK OF 60 PINK PAISLEY CAKE CASES,2010-02-01,201,482.23,79.04,-360.27
21977,PACK OF 60 PINK PAISLEY CAKE CASES,2010-02-08,684,530.23,-66.61,220.38
21977,PACK OF 60 PINK PAISLEY CAKE CASES,2010-02-15,646,540.69,88.81,16.50
21977,PACK OF 60 PINK PAISLEY CAKE CASES,2010-02-22,907,525.38,115.27,266.34
21977,PACK OF 60 PINK PAISLEY CAKE CASES,2010-03-01,748,556.85,13.77,177.38
21977,PACK OF 60 PINK PAISLEY CAKE CASES,2010-03-08,237,558.15,-83.27,-237.89
21977,PACK OF 60 PINK PAISLEY CAKE CASES,2010-03-15,622,589.08,299.00,-266.08
21977,PACK OF 60 PINK PAISLEY CAKE CASES,2010-03-22,630,615.31,-47.77,62.46
21977,PACK OF 60 PINK PAISLEY CAKE CASES,2010-03-29,136,594.46,-311.61,-146.85
21977,PACK OF 60 PINK PAISLEY CAKE CASES,2010-04-05,491,584.08,-231.73,138.65
21977,PACK OF 60 PINK PAISLEY CAKE CASES,2010-04-12,601,596.38,14.16,-9.54
21977,PACK OF 60 PINK PAISLEY CAKE CASES,2010-04-19,697,559.62,375.39,-238.00
21977,PACK OF 60 PINK PAISLEY CAKE CASES,2010-04-26,1058,603.08,14.50,440.42
21977,PACK OF 60 PINK PAISLEY CAKE CASES,2010-05-03,542,598.15,-66.73,10.57
21977,PACK OF 60 PINK PAISLEY CAKE CASES,2010-05-10,413,581.23,-156.54,-11.70
21977,PACK OF 60 PINK PAISLEY CAKE CASES,2010-05-17,511,668.69,-305.07,147.38
21977,PACK OF 60 PINK PAISLEY CAKE CASES,2010-05-24,1067,689.15,1290.27,-912.43
21977,PACK OF 60 PINK PAISLEY CAKE CASES,2010-05-31,270,667.15,-478.19,81.04
21977,PACK OF 60 PINK PAISLEY CAKE CASES,2010-06-07,802,642.31,-41.65,201.34
21977,PACK OF 60 PINK PAISLEY CAKE CASES,2010-06-14,558,577.85,-83.15,63.30
21977,PACK OF 60 PINK PAISLEY CAKE CASES,2010-06-21,410,560.69,-100.65,-50.04
21977,PACK OF 60 PINK PAISLEY CAKE CASES,2010-06-28,1273,558.77,148.93,565.30
21977,PACK OF 60 PINK PAISLEY CAKE CASES,2010-07-05,757,637.00,-196.80,316.80
21977,PACK OF 60 PINK PAISLEY CAKE CASES,2010-07-12,315,645.77,-310.23,-20.54
21977,PACK OF 60 PINK PAISLEY CAKE CASES,2010-07-19,374,662.00,274.04,-562.04
21977,PACK OF 60 PINK PAISLEY CAKE CASES,2010-07-26,220,654.92,-106.50,-328.43
21977,PACK OF 60 PINK PAISLEY CAKE CASES,2010-08-02,319,670.38,-312.50,-38.89
21977,PACK OF 60 PINK PAISLEY CAKE CASES,2010-08-09,388,680.77,-289.04,-3.73
21977,PACK OF 60 PINK PAISLEY CAKE CASES,2010-08-16,1528,632.85,617.89,277.27
21977,PACK OF 60 PINK PAISLEY CAKE CASES,2010-08-23,1181,638.62,411.27,131.11
21977,PACK OF 60 PINK PAISLEY CAKE CASES,2010-08-30,481,675.38,-295.65,101.27
21977,PACK OF 60 PINK PAISLEY CAKE CASES,2010-09-06,710,715.54,74.93,-80.46
21977,PACK OF 60 PINK PAISLEY CAKE CASES,2010-09-13,759,734.92,177.54,-153.46
21977,PACK OF 60 PINK PAISLEY CAKE CASES,2010-09-20,545,757.31,-132.27,-80.04
21977,PACK OF 60 PINK PAISLEY CAKE CASES,2010-09-27,650,770.77,-181.07,60.30
21977,PACK OF 60 PINK PAISLEY CAKE CASES,2010-10-04,832,713.00,288.62,-169.62
21977,PACK OF 60 PINK PAISLEY CAKE CASES,2010-10-11,793,691.00,-4.77,106.77
21977,PACK OF 60 PINK PAISLEY CAKE CASES,2010-10-18,896,705.38,-37.77,228.38
21977,PACK OF 60 PINK PAISLEY CAKE CASES,2010-10-25,472,668.62,-224.27,27.65
21977,PACK OF 60 PINK PAISLEY CAKE CASES,2010-11-01,610,652.46,-44.84,2.38
21977,PACK OF 60 PINK PAISLEY CAKE CASES,2010-11-08,563,651.62,-91.00,2.38
21977,PACK OF 60 PINK PAISLEY CAKE CASES,2010-11-15,777,601.62,173.00,2.38
21977,PACK OF 60 PINK PAISLEY CAKE CASES,2010-11-22,895,551.38,341.23,2.38
21977,PACK OF 60 PINK PAISLEY CAKE CASES,2010-11-29,668,498.62,167.00,2.38
21977,PACK OF 60 PINK PAISLEY CAKE CASES,2010-12-06,232,441.54,-211.92,2.38
21977,PACK OF 60 PINK PAISLEY CAKE CASES,2010-12-13,549,416.31,130.31,2.38
21977,PACK OF 60 PINK PAISLEY CAKE CASES,2010-12-20,534,431.77,99.85,2.38
21977,PACK OF 60 PINK PAISLEY CAKE CASES,2010-12-27,0,394.23,-396.61,2.38
21977,PACK OF 60 PINK PAISLEY CAKE CASES,2011-01-03,179,370.15,-193.54,2.38
21977,PACK OF 60 PINK PAISLEY CAKE CASES,2011-01-10,107,319.69,-237.77,25.07
21977,PACK OF 60 PINK PAISLEY CAKE CASES,2011-01-17,154,289.54,36.58,-172.12
21977,PACK OF 60 PINK PAISLEY CAKE CASES,2011-01-24,144,324.31,8.08,-188.39
21977,PACK OF 60 PINK PAISLEY CAKE CASES,2011-01-31,811,366.92,79.04,365.04
21977,PACK OF 60 PINK PAISLEY CAKE CASES,2011-02-07,75,357.23,-66.61,-215.62
21977,PACK OF 60 PINK PAISLEY CAKE CASES,2011-02-14,464,386.92,88.81,-11.73
21977,PACK OF 60 PINK PAISLEY CAKE CASES,2011-02-21,239,385.31,115.27,-261.58
21977,PACK OF 60 PINK PAISLEY CAKE CASES,2011-02-28,276,434.85,13.77,-172.62
21977,PACK OF 60 PINK PAISLEY CAKE CASES,2011-03-07,684,524.62,-83.27,242.65
21977,PACK OF 60 PINK PAISLEY CAKE CASES,2011-03-14,1103,533.15,299.00,270.84
21977,PACK OF 60 PINK PAISLEY CAKE CASES,2011-03-21,408,513.46,-47.77,-57.70
21977,PACK OF 60 PINK PAISLEY CAKE CASES,2011-03-28,386,546.00,-311.61,151.61
21977,PACK OF 60 PINK PAISLEY CAKE CASES,2011-04-04,158,523.62,-231.73,-133.89
21977,PACK OF 60 PINK PAISLEY CAKE CASES,2011-04-11,751,722.54,14.16,14.30
21977,PACK OF 60 PINK PAISLEY CAKE CASES,2011-04-18,1321,702.85,375.39,242.77
21977,PACK OF 60 PINK PAISLEY CAKE CASES,2011-04-25,255,676.15,14.50,-435.66
21977,PACK OF 60 PINK PAISLEY CAKE CASES,2011-05-02,555,627.54,-66.73,-5.81
21977,PACK OF 60 PINK PAISLEY CAKE CASES,2011-05-09,498,638.08,-156.54,16.46
21977,PACK OF 60 PINK PAISLEY CAKE CASES,2011-05-16,173,620.69,-305.07,-142.62
21977,PACK OF 60 PINK PAISLEY CAKE CASES,2011-05-23,2825,617.54,1290.27,917.19
21977,PACK OF 60 PINK PAISLEY CAKE CASES,2011-05-30,20,574.46,-478.19,-76.27
21977,PACK OF 60 PINK PAISLEY CAKE CASES,2011-06-06,337,575.23,-41.65,-196.58
21977,PACK OF 60 PINK PAISLEY CAKE CASES,2011-06-13,471,612.69,-83.15,-58.54
21977,PACK OF 60 PINK PAISLEY CAKE CASES,2011-06-20,545,590.85,-100.65,54.80
21977,PACK OF 60 PINK PAISLEY CAKE CASES,2011-06-27,160,571.62,148.93,-560.54
21977,PACK OF 60 PINK PAISLEY CAKE CASES,2011-07-04,117,625.85,-196.80,-312.04
21977,PACK OF 60 PINK PAISLEY CAKE CASES,2011-07-11,191,475.92,-310.23,25.30
21977,PACK OF 60 PINK PAISLEY CAKE CASES,2011-07-18,1331,490.15,274.04,566.80
21977,PACK OF 60 PINK PAISLEY CAKE CASES,2011-07-25,742,515.31,-106.50,333.19
21977,PACK OF 60 PINK PAISLEY CAKE CASES,2011-08-01,271,539.85,-312.50,43.65
21977,PACK OF 60 PINK PAISLEY CAKE CASES,2011-08-08,248,528.54,-289.04,8.50
21977,PACK OF 60 PINK PAISLEY CAKE CASES,2011-08-15,878,532.62,617.89,-272.50
21977,PACK OF 60 PINK PAISLEY CAKE CASES,2011-08-22,876,591.08,411.27,-126.35
21977,PACK OF 60 PINK PAISLEY CAKE CASES,2011-08-29,205,597.15,-295.65,-96.50
21977,PACK OF 60 PINK PAISLEY CAKE CASES,2011-09-05,664,503.85,74.93,85.23
21977,PACK OF 60 PINK PAISLEY CAKE CASES,2011-09-12,790,454.23,177.54,158.23
21977,PACK OF 60 PINK PAISLEY CAKE CASES,2011-09-19,398,445.46,-132.27,84.80
21977,PACK OF 60 PINK PAISLEY CAKE CASES,2011-09-26,213,449.62,-181.07,-55.54
21977,PACK OF 60 PINK PAISLEY CAKE CASES,2011-10-03,877,414.00,288.62,174.38
21977,PACK OF 60 PINK PAISLEY CAKE CASES,2011-10-10,270,376.77,-4.77,-102.00
21977,PACK OF 60 PINK PAISLEY CAKE CASES,2011-10-17,118,379.38,-37.77,-223.62
21977,PACK OF 60 PINK PAISLEY CAKE CASES,2011-10-24,97,344.15,-224.27,-22.89
21977,PACK OF 60 PINK PAISLEY CAKE CASES,2011-10-31,157,,-44.84,
21977,PACK OF 60 PINK PAISLEY CAKE CASES,2011-11-07,302,,-91.00,
21977,PACK OF 60 PINK PAISLEY CAKE CASES,2011-11-14,415,,173.00,
21977,PACK OF 60 PINK PAISLEY CAKE CASES,2011-11-21,392,,341.23,
21977,PACK OF 60 PINK PAISLEY CAKE CASES,2011-11-28,239,,167.00,
21977,PACK OF 60 PINK PAISLEY CAKE CASES,2011-12-05,206,,-211.92,
